1.0000000 ,0.0726820 ,0.0834360 ,0.2714810 ,0.0280130 ,0.0726820 ,0.1630750 ,0.0384440 ,0.6433220 ,0.1630750 ,0.0367620 ,0.0138780 ,0.2714810 ,0.1630750 ,0.0220820 ,0.0498580 ,0.1630750 ,0.0633140 ,0.1016270 ,0.1330870 ,0.0633140 ,0.0220820 ,0.2068740 ,0.2714810 ,0.0498580 ,0.1330870 ,0.0957800 ,0.1330870 ,0.2068740 ,0.1630750 ,0.1630750 ,0.1124150 ,0.0220820 ,0.2068740 ,0.1262190 ,0.0551540 ,0.0367620 ,0.1330870 ,0.0209940 ,0.1448940 ,0.0367620 ,0.0280130 ,0.0220820 ,0.2068740 ,0.1448940 ,0.0633140 ,0.1330870 ,0.0726820 ,0.0218280 ,0.2714810 ,0.0280130 ,0.0367620 ,0.0180220 ,0.0367620 ,0.2068740 ,0.0726820 ,0.0280130 ,0.0957800 ,0.2068740 ,0.0180220 ,0.0957800 ,0.1448940 ,0.0726820 ,0.0220820 ,0.0367620 ,0.1262190 ,0.1262190 ,0.1330870 ,0.1448940 ,0.1330870 ,0.0182880 ,0.0698990 ,0.0280130 ,0.0280130 ,0.0280130 ,0.0280130 ,0.1330870 ,0.0245980 ,0.0726820 ,0.1099520 ,0.0252200 ,0.0280130 ,0.2714810 ,0.1630750 ,0.1630750 ,0.1630750 ,0.1330870 ,0.1124150 ,0.1262190 ,0.1448940 ,0.1448940 ,0.1448940 ,0.1448940 
0.0726820 ,1.0000000 ,1.0000000 ,0.1909420 ,0.3315890 ,0.1909420 ,0.1663320 ,0.1448940 ,0.0834360 ,0.0060640 ,0.2191930 ,0.0364590 ,0.0005810 ,0.0060640 ,0.2888520 ,0.1909420 ,0.0317600 ,0.1663320 ,0.1909420 ,0.1909420 ,1.0000000 ,0.1448940 ,0.3806500 ,0.0002210 ,0.0957800 ,0.3315890 ,1.0000000 ,0.3806500 ,0.1448940 ,0.0317600 ,0.3315890 ,0.3806500 ,0.0957800 ,0.0418530 ,1.0000000 ,1.0000000 ,0.0726820 ,0.1909420 ,1.0000000 ,1.0000000 ,0.1262190 ,0.1909420 ,0.2888520 ,0.3806500 ,1.0000000 ,1.0000000 ,0.0040090 ,1.0000000 ,0.2516230 ,0.2888520 ,0.2888520 ,0.3315890 ,0.2191930 ,0.2191930 ,0.3806500 ,1.0000000 ,0.1099520 ,1.0000000 ,0.3806500 ,0.1448940 ,1.0000000 ,1.0000000 ,1.0000000 ,0.1448940 ,0.3315890 ,1.0000000 ,1.0000000 ,0.0726820 ,1.0000000 ,0.1448940 ,1.0000000 ,0.3806500 ,0.3806500 ,0.3806500 ,0.2516230 ,0.2191930 ,0.2191930 ,0.3806500 ,1.0000000 ,1.0000000 ,0.3806500 ,0.2191930 ,0.1262190 ,0.2888520 ,0.3806500 ,0.3806500 ,0.3806500 ,0.3806500 ,1.0000000 ,1.0000000 ,1.0000000 ,1.0000000 ,1.0000000 
0.0834360 ,1.0000000 ,1.0000000 ,0.2191930 ,0.3806500 ,0.2191930 ,0.1909420 ,0.1663320 ,0.0957800 ,0.0069620 ,0.2516230 ,0.0418530 ,0.0006670 ,0.0069620 ,0.3315890 ,0.2191930 ,0.0364590 ,0.1909420 ,0.2191930 ,0.2191930 ,1.0000000 ,0.1663320 ,0.4369690 ,0.0002540 ,0.1099520 ,0.3806500 ,1.0000000 ,0.4369690 ,0.1663320 ,0.0364590 ,0.3806500 ,0.4369690 ,0.1099520 ,0.0480450 ,1.0000000 ,1.0000000 ,0.0834360 ,0.2191930 ,1.0000000 ,1.0000000 ,0.1448940 ,0.2191930 ,0.3315890 ,0.4369690 ,1.0000000 ,1.0000000 ,0.0046020 ,1.0000000 ,0.2888520 ,0.3315890 ,0.3315890 ,0.3806500 ,0.2516230 ,0.2516230 ,0.4369690 ,1.0000000 ,0.1262190 ,1.0000000 ,0.4369690 ,0.1663320 ,1.0000000 ,1.0000000 ,1.0000000 ,0.1663320 ,0.3806500 ,1.0000000 ,1.0000000 ,0.0834360 ,1.0000000 ,0.1663320 ,1.0000000 ,0.4369690 ,0.4369690 ,0.4369690 ,0.2888520 ,0.2516230 ,0.2516230 ,0.4369690 ,1.0000000 ,1.0000000 ,0.4369690 ,0.2516230 ,0.1448940 ,0.3315890 ,0.4369690 ,0.4369690 ,0.4369690 ,0.4369690 ,1.0000000 ,1.0000000 ,1.0000000 ,1.0000000 ,1.0000000 
0.2714810 ,0.1909420 ,0.2191930 ,1.0000000 ,0.0476200 ,0.1909420 ,0.7205020 ,0.0545140 ,0.4219990 ,0.3040510 ,0.0571440 ,0.0480450 ,0.4219990 ,0.3040510 ,0.0411720 ,0.0714300 ,0.3040510 ,0.1663320 ,0.1282500 ,0.6433220 ,0.1663320 ,0.0411720 ,0.3516650 ,0.4219990 ,0.0714300 ,0.2714810 ,0.2516230 ,0.2714810 ,0.3516650 ,0.3040510 ,0.3040510 ,0.2490440 ,0.0411720 ,0.3516650 ,0.3315890 ,0.1448940 ,0.0571440 ,0.2714810 ,0.0551540 ,0.3806500 ,0.0571440 ,0.0476200 ,0.0411720 ,0.3516650 ,0.3806500 ,0.1663320 ,0.2714810 ,0.1909420 ,0.0367570 ,0.4219990 ,0.0476200 ,0.0571440 ,0.0367620 ,0.0571440 ,0.3516650 ,0.1909420 ,0.0476200 ,0.2516230 ,0.3516650 ,0.0367620 ,0.2516230 ,0.3806500 ,0.1909420 ,0.0411720 ,0.0571440 ,0.3315890 ,0.3315890 ,0.2714810 ,0.3806500 ,0.2714810 ,0.0480450 ,0.0933600 ,0.0476200 ,0.0476200 ,0.0476200 ,0.0476200 ,0.2714810 ,0.0415970 ,0.1909420 ,0.2888520 ,0.0386710 ,0.0476200 ,0.4219990 ,0.3040510 ,0.3040510 ,0.3040510 ,0.2714810 ,0.2490440 ,0.3315890 ,0.3806500 ,0.3806500 ,0.3806500 ,0.3806500 
0.0280130 ,0.3315890 ,0.3806500 ,0.0476200 ,1.0000000 ,0.3315890 ,0.0322590 ,0.1142430 ,0.0476200 ,0.0322590 ,0.1156480 ,0.0633140 ,0.0476200 ,0.0322590 ,0.0783420 ,0.1489770 ,0.0322590 ,0.2888520 ,0.5174150 ,0.0280130 ,0.2888520 ,0.0783420 ,0.0384620 ,0.0476200 ,0.0613430 ,0.0280130 ,0.4369690 ,0.0280130 ,0.0384620 ,0.0322590 ,0.0322590 ,0.0250880 ,0.0783420 ,0.0384620 ,0.5758380 ,0.2516230 ,0.0476200 ,0.0280130 ,0.0957800 ,0.6610360 ,0.5499990 ,0.0384620 ,0.3725800 ,0.0384620 ,0.6610360 ,0.2888520 ,0.0280130 ,0.3315890 ,0.0724190 ,0.0476200 ,0.4442300 ,0.0476200 ,0.3235470 ,0.0476200 ,0.0384620 ,0.3315890 ,0.0934080 ,0.4369690 ,0.0384620 ,0.0680320 ,0.4369690 ,0.6610360 ,0.3315890 ,0.3725800 ,0.8333330 ,0.5758380 ,0.5758380 ,0.0280130 ,0.6610360 ,0.0280130 ,0.0834360 ,0.3681840 ,0.0934080 ,0.0934080 ,0.6730760 ,0.0934080 ,0.0280130 ,0.1505250 ,0.3315890 ,0.5016210 ,0.1250920 ,0.0384620 ,0.0476200 ,0.0322590 ,0.0322590 ,0.0322590 ,0.0280130 ,0.0250880 ,0.5758380 ,0.6610360 ,0.6610360 ,0.6610360 ,0.6610360 
0.0726820 ,0.1909420 ,0.2191930 ,0.1909420 ,0.3315890 ,1.0000000 ,0.1663320 ,0.1448940 ,0.0834360 ,0.0060640 ,0.2191930 ,0.0364590 ,0.0005810 ,0.0060640 ,0.2888520 ,0.1909420 ,0.0317600 ,0.1663320 ,0.1909420 ,0.1909420 ,0.1663320 ,0.1448940 ,0.3806500 ,0.0002210 ,0.0957800 ,0.3315890 ,0.2516230 ,0.3806500 ,0.1448940 ,0.0317600 ,0.3315890 ,0.3806500 ,0.0957800 ,0.0418530 ,0.3315890 ,0.1448940 ,0.0726820 ,0.1909420 ,0.0551540 ,0.3806500 ,0.1262190 ,0.1909420 ,0.2888520 ,0.3806500 ,0.3806500 ,0.1663320 ,0.0040090 ,0.1909420 ,0.2516230 ,0.2888520 ,0.2888520 ,0.3315890 ,0.2191930 ,0.2191930 ,0.3806500 ,0.1909420 ,0.1099520 ,0.2516230 ,0.3806500 ,0.1448940 ,0.2516230 ,0.3806500 ,0.1909420 ,0.1448940 ,0.3315890 ,0.3315890 ,0.3315890 ,0.0726820 ,0.3806500 ,0.1448940 ,0.0480450 ,0.3806500 ,0.3806500 ,0.3806500 ,0.2516230 ,0.2191930 ,0.2191930 ,0.3806500 ,0.1909420 ,0.2888520 ,0.3806500 ,0.2191930 ,0.1262190 ,0.2888520 ,0.3806500 ,0.3806500 ,0.3806500 ,0.3806500 ,0.3315890 ,0.3806500 ,0.3806500 ,0.3806500 ,0.3806500 
0.1630750 ,0.1663320 ,0.1909420 ,0.7205020 ,0.0322590 ,0.1663320 ,1.0000000 ,0.0419460 ,0.3040510 ,0.1936130 ,0.0411720 ,0.0317600 ,0.3040510 ,0.1936130 ,0.0262180 ,0.0545210 ,0.1936130 ,0.1448940 ,0.1073600 ,0.8422710 ,0.1448940 ,0.0262180 ,0.2382250 ,0.3040510 ,0.0545210 ,0.1630750 ,0.2191930 ,0.1630750 ,0.2382250 ,0.1936130 ,0.1936130 ,0.1420260 ,0.0262180 ,0.2382250 ,0.2888520 ,0.1262190 ,0.0411720 ,0.1630750 ,0.0480450 ,0.3315890 ,0.0411720 ,0.0322590 ,0.0262180 ,0.2382250 ,0.3315890 ,0.1448940 ,0.1630750 ,0.1663320 ,0.0250850 ,0.3040510 ,0.0322590 ,0.0411720 ,0.0220820 ,0.0411720 ,0.2382250 ,0.1663320 ,0.0322590 ,0.2191930 ,0.2382250 ,0.0220820 ,0.2191930 ,0.3315890 ,0.1663320 ,0.0262180 ,0.0411720 ,0.2888520 ,0.3806500 ,0.1630750 ,0.3315890 ,0.1630750 ,0.0418530 ,0.0749630 ,0.0322590 ,0.0322590 ,0.0322590 ,0.0322590 ,0.1630750 ,0.0282940 ,0.1663320 ,0.2516230 ,0.0281620 ,0.0322590 ,0.3040510 ,0.1936130 ,0.1936130 ,0.1936130 ,0.1630750 ,0.1420260 ,0.2888520 ,0.3315890 ,0.3315890 ,0.3315890 ,0.3315890 
0.0384440 ,0.1448940 ,0.1663320 ,0.0545140 ,0.1142430 ,0.1448940 ,0.0419460 ,1.0000000 ,0.0545140 ,0.0419460 ,0.1323920 ,0.0276660 ,0.0545140 ,0.0419460 ,0.1018690 ,0.1593320 ,0.0419460 ,0.1262190 ,0.2632200 ,0.0384440 ,0.1262190 ,0.3097640 ,0.0470410 ,0.0545140 ,0.0656070 ,0.0384440 ,0.1909420 ,0.0384440 ,0.0470410 ,0.0419460 ,0.0419460 ,0.0360230 ,0.3097640 ,0.0470410 ,0.2516230 ,0.1099520 ,0.0545140 ,0.0384440 ,0.0418530 ,0.2888520 ,0.1323920 ,0.0470410 ,0.1018690 ,0.0470410 ,0.2888520 ,0.1262190 ,0.0384440 ,0.1448940 ,0.3214950 ,0.0545140 ,0.1142430 ,0.0545140 ,0.0933640 ,0.0545140 ,0.0470410 ,0.1448940 ,0.1142430 ,0.1909420 ,0.0470410 ,0.0933640 ,0.1909420 ,0.2888520 ,0.1448940 ,0.1018690 ,0.1323920 ,0.2516230 ,0.2516230 ,0.0384440 ,0.2888520 ,0.0384440 ,0.0364590 ,0.2000370 ,0.1142430 ,0.1142430 ,0.1142430 ,0.1142430 ,0.0384440 ,0.1742380 ,0.1448940 ,0.2191930 ,0.1482800 ,0.0470410 ,0.0545140 ,0.0419460 ,0.0419460 ,0.0419460 ,0.0384440 ,0.0360230 ,0.2516230 ,0.2888520 ,0.2888520 ,0.2888520 ,0.2888520 
0.6433220 ,0.0834360 ,0.0957800 ,0.4219990 ,0.0476200 ,0.0834360 ,0.3040510 ,0.0545140 ,1.0000000 ,0.3040510 ,0.0571440 ,0.0159310 ,0.4219990 ,0.3040510 ,0.0411720 ,0.0714300 ,0.3040510 ,0.0726820 ,0.1282500 ,0.2714810 ,0.0726820 ,0.0411720 ,0.3516650 ,0.4219990 ,0.0714300 ,0.2714810 ,0.1099520 ,0.2714810 ,0.3516650 ,0.3040510 ,0.3040510 ,0.2490440 ,0.0411720 ,0.3516650 ,0.1448940 ,0.0633140 ,0.0571440 ,0.2714810 ,0.0241010 ,0.1663320 ,0.0571440 ,0.0476200 ,0.0411720 ,0.3516650 ,0.1663320 ,0.0726820 ,0.2714810 ,0.0834360 ,0.0367570 ,0.4219990 ,0.0476200 ,0.0571440 ,0.0367620 ,0.0571440 ,0.3516650 ,0.0834360 ,0.0476200 ,0.1099520 ,0.3516650 ,0.0367620 ,0.1099520 ,0.1663320 ,0.0834360 ,0.0411720 ,0.0571440 ,0.1448940 ,0.1448940 ,0.2714810 ,0.1663320 ,0.2714810 ,0.0209940 ,0.0933600 ,0.0476200 ,0.0476200 ,0.0476200 ,0.0476200 ,0.2714810 ,0.0415970 ,0.0834360 ,0.1262190 ,0.0386710 ,0.0476200 ,0.4219990 ,0.3040510 ,0.3040510 ,0.3040510 ,0.2714810 ,0.2490440 ,0.1448940 ,0.1663320 ,0.1663320 ,0.1663320 ,0.1663320 
0.1630750 ,0.0060640 ,0.0069620 ,0.3040510 ,0.0322590 ,0.0060640 ,0.1936130 ,0.0419460 ,0.3040510 ,1.0000000 ,0.0411720 ,0.0011580 ,0.3040510 ,0.1936130 ,0.0262180 ,0.0545210 ,0.1936130 ,0.0052830 ,0.1073600 ,0.1630750 ,0.0052830 ,0.0262180 ,0.2382250 ,0.3040510 ,0.0545210 ,0.1630750 ,0.0079910 ,0.8422710 ,0.2382250 ,0.1936130 ,0.1936130 ,0.1420260 ,0.0262180 ,0.2382250 ,0.0105310 ,0.0046020 ,0.0411720 ,0.1630750 ,0.0017520 ,0.0120890 ,0.0411720 ,0.0322590 ,0.0262180 ,0.2382250 ,0.0120890 ,0.0052830 ,0.1630750 ,0.0060640 ,0.0250850 ,0.3040510 ,0.0322590 ,0.0411720 ,0.0220820 ,0.0411720 ,0.2382250 ,0.0060640 ,0.0322590 ,0.0079910 ,0.2382250 ,0.0220820 ,0.0079910 ,0.0120890 ,0.0060640 ,0.0262180 ,0.0411720 ,0.0105310 ,0.0105310 ,0.1630750 ,0.0120890 ,0.1630750 ,0.0015260 ,0.0749630 ,0.0322590 ,0.0322590 ,0.0322590 ,0.0322590 ,0.1630750 ,0.0282940 ,0.0060640 ,0.0091740 ,0.0281620 ,0.0322590 ,0.3040510 ,0.1936130 ,0.1936130 ,0.1936130 ,0.1630750 ,0.1420260 ,0.0105310 ,0.0120890 ,0.0159310 ,0.0120890 ,0.0120890 
0.0367620 ,0.2191930 ,0.2516230 ,0.0571440 ,0.1156480 ,0.2191930 ,0.0411720 ,0.1323920 ,0.0571440 ,0.0411720 ,1.0000000 ,0.0418530 ,0.0571440 ,0.0411720 ,0.0999900 ,0.1734730 ,0.0411720 ,0.1909420 ,0.3114630 ,0.0367620 ,0.1909420 ,0.0999900 ,0.0476200 ,0.0571440 ,0.0714300 ,0.0367620 ,0.2888520 ,0.0367620 ,0.0476200 ,0.0411720 ,0.0411720 ,0.0337240 ,0.0999900 ,0.0476200 ,0.3806500 ,0.1663320 ,0.0571440 ,0.0367620 ,0.0633140 ,0.4369690 ,0.1387780 ,0.0476200 ,0.0999900 ,0.0476200 ,0.4369690 ,0.1909420 ,0.0367620 ,0.2191930 ,0.0892680 ,0.0571440 ,0.1156480 ,0.0571440 ,0.0892790 ,0.0571440 ,0.0476200 ,0.2191930 ,0.1156480 ,0.2888520 ,0.0476200 ,0.0892790 ,0.2888520 ,0.4369690 ,0.2191930 ,0.0999900 ,0.1387780 ,0.3806500 ,0.3806500 ,0.0367620 ,0.4369690 ,0.0367620 ,0.0551540 ,0.2267320 ,0.1156480 ,0.1156480 ,0.1156480 ,0.1156480 ,0.0367620 ,0.1010200 ,0.2191930 ,0.3315890 ,0.0856280 ,0.0476200 ,0.0571440 ,0.0411720 ,0.0411720 ,0.0411720 ,0.0367620 ,0.0337240 ,0.3806500 ,0.4369690 ,0.4369690 ,0.4369690 ,0.4369690 
0.0138780 ,0.0364590 ,0.0418530 ,0.0480450 ,0.0633140 ,0.0364590 ,0.0317600 ,0.0276660 ,0.0159310 ,0.0011580 ,0.0418530 ,1.0000000 ,0.0001460 ,0.0020110 ,0.0551540 ,0.0364590 ,0.0105310 ,0.0317600 ,0.0364590 ,0.0364590 ,0.0317600 ,0.0276660 ,0.0726820 ,0.0000560 ,0.0182880 ,0.0633140 ,0.0480450 ,0.0726820 ,0.0276660 ,0.0060640 ,0.0633140 ,0.0726820 ,0.0182880 ,0.0079910 ,0.0633140 ,0.0276660 ,0.0138780 ,0.0364590 ,0.0105310 ,0.0726820 ,0.0241010 ,0.0364590 ,0.0551540 ,0.0726820 ,0.0726820 ,0.0317600 ,0.0010090 ,0.0364590 ,0.0480450 ,0.0551540 ,0.0551540 ,0.0834360 ,0.0418530 ,0.0418530 ,0.0726820 ,0.0364590 ,0.0209940 ,0.0480450 ,0.0726820 ,0.0276660 ,0.0480450 ,0.0726820 ,0.0364590 ,0.0276660 ,0.0633140 ,0.0633140 ,0.0633140 ,0.0138780 ,0.0726820 ,0.0276660 ,0.0091740 ,0.0726820 ,0.0726820 ,0.0726820 ,0.0480450 ,0.0418530 ,0.0418530 ,0.0726820 ,0.0364590 ,0.0551540 ,0.0726820 ,0.0418530 ,0.0241010 ,0.0551540 ,0.0957800 ,0.0957800 ,0.0957800 ,0.0726820 ,0.0633140 ,0.0726820 ,0.0726820 ,0.0726820 ,0.0726820 
0.2714810 ,0.0005810 ,0.0006670 ,0.4219990 ,0.0476200 ,0.0005810 ,0.3040510 ,0.0545140 ,0.4219990 ,0.3040510 ,0.0571440 ,0.0001460 ,1.0000000 ,0.3040510 ,0.0411720 ,0.0714300 ,0.3040510 ,0.0005060 ,0.1282500 ,0.2714810 ,0.0005060 ,0.0411720 ,0.3516650 ,0.4219990 ,0.0714300 ,0.2714810 ,0.0007650 ,0.2714810 ,0.3516650 ,0.3040510 ,0.3040510 ,0.2490440 ,0.0411720 ,0.3516650 ,0.0010090 ,0.0004410 ,0.0571440 ,0.2714810 ,0.0001680 ,0.0011580 ,0.0571440 ,0.0476200 ,0.0411720 ,0.3516650 ,0.0011580 ,0.0005060 ,0.2714810 ,0.0005810 ,0.0367570 ,0.4219990 ,0.0476200 ,0.0571440 ,0.0367620 ,0.0571440 ,0.8333330 ,0.0005810 ,0.0476200 ,0.0007650 ,0.3516650 ,0.0367620 ,0.0007650 ,0.0011580 ,0.0005810 ,0.0411720 ,0.0571440 ,0.0010090 ,0.0013290 ,0.2714810 ,0.0011580 ,0.2714810 ,0.0001460 ,0.0933600 ,0.0476200 ,0.0476200 ,0.0476200 ,0.0476200 ,0.2714810 ,0.0415970 ,0.0005810 ,0.0008790 ,0.0386710 ,0.0476200 ,0.4219990 ,0.3040510 ,0.3040510 ,0.3040510 ,0.2714810 ,0.2490440 ,0.0010090 ,0.0011580 ,0.0011580 ,0.0011580 ,0.0011580 
0.1630750 ,0.0060640 ,0.0069620 ,0.3040510 ,0.0322590 ,0.0060640 ,0.1936130 ,0.0419460 ,0.3040510 ,0.1936130 ,0.0411720 ,0.0020110 ,0.3040510 ,1.0000000 ,0.0262180 ,0.0545210 ,0.3028080 ,0.0052830 ,0.1073600 ,0.1630750 ,0.0052830 ,0.0262180 ,0.3725800 ,0.4755310 ,0.0545210 ,0.1630750 ,0.0079910 ,0.1630750 ,0.2382250 ,0.1936130 ,0.1936130 ,0.2221270 ,0.0262180 ,0.3725800 ,0.0105310 ,0.0046020 ,0.0411720 ,0.1630750 ,0.0017520 ,0.0120890 ,0.0411720 ,0.0322590 ,0.0262180 ,0.2382250 ,0.0120890 ,0.0052830 ,0.2550470 ,0.0060640 ,0.0250850 ,0.4755310 ,0.0322590 ,0.0411720 ,0.0220820 ,0.0411720 ,0.2382250 ,0.0060640 ,0.0322590 ,0.0079910 ,0.3725800 ,0.0220820 ,0.0079910 ,0.0120890 ,0.0060640 ,0.0262180 ,0.0411720 ,0.0105310 ,0.0105310 ,0.3864350 ,0.0120890 ,0.1630750 ,0.0015260 ,0.0749630 ,0.0322590 ,0.0322590 ,0.0322590 ,0.0322590 ,0.8422710 ,0.0282940 ,0.0060640 ,0.0091740 ,0.0281620 ,0.0322590 ,0.4755310 ,0.1936130 ,0.1936130 ,0.1936130 ,0.1630750 ,0.1420260 ,0.0105310 ,0.0120890 ,0.0120890 ,0.0120890 ,0.0120890 
0.0220820 ,0.2888520 ,0.3315890 ,0.0411720 ,0.0783420 ,0.2888520 ,0.0262180 ,0.1018690 ,0.0411720 ,0.0262180 ,0.0999900 ,0.0551540 ,0.0411720 ,0.0262180 ,1.0000000 ,0.1324090 ,0.0262180 ,0.2516230 ,0.2607310 ,0.0220820 ,0.2516230 ,0.0636720 ,0.0322590 ,0.0411720 ,0.0545210 ,0.0220820 ,0.3806500 ,0.0220820 ,0.0322590 ,0.0262180 ,0.0262180 ,0.0192320 ,0.0636720 ,0.0322590 ,0.5016210 ,0.2191930 ,0.0411720 ,0.0220820 ,0.0834360 ,0.5758380 ,0.0999900 ,0.0322590 ,0.0636720 ,0.0322590 ,0.5758380 ,0.2516230 ,0.0220820 ,0.2888520 ,0.0609200 ,0.0411720 ,0.0783420 ,0.0411720 ,0.0536290 ,0.0411720 ,0.0322590 ,0.2888520 ,0.0783420 ,0.3806500 ,0.0322590 ,0.0536290 ,0.3806500 ,0.5758380 ,0.2888520 ,0.0636720 ,0.0999900 ,0.5016210 ,0.5016210 ,0.0220820 ,0.5758380 ,0.0220820 ,0.0726820 ,0.1820540 ,0.0783420 ,0.0783420 ,0.0783420 ,0.0783420 ,0.0220820 ,0.0687130 ,0.2888520 ,0.4369690 ,0.0602930 ,0.0322590 ,0.0411720 ,0.0262180 ,0.0262180 ,0.0262180 ,0.0220820 ,0.0192320 ,0.5016210 ,0.5758380 ,0.5758380 ,0.5758380 ,0.5758380 
0.0498580 ,0.1909420 ,0.2191930 ,0.0714300 ,0.1489770 ,0.1909420 ,0.0545210 ,0.1593320 ,0.0714300 ,0.0545210 ,0.1734730 ,0.0364590 ,0.0714300 ,0.0545210 ,0.1324090 ,1.0000000 ,0.0545210 ,0.1663320 ,0.3572570 ,0.0498580 ,0.1663320 ,0.1324090 ,0.0613430 ,0.0714300 ,0.0865820 ,0.0498580 ,0.2516230 ,0.0498580 ,0.0613430 ,0.0545210 ,0.0545210 ,0.0466470 ,0.1324090 ,0.0613430 ,0.3315890 ,0.1448940 ,0.0714300 ,0.0498580 ,0.0551540 ,0.3806500 ,0.1734730 ,0.0613430 ,0.1324090 ,0.0613430 ,0.3806500 ,0.1663320 ,0.0498580 ,0.1909420 ,0.1142430 ,0.0714300 ,0.1489770 ,0.0714300 ,0.1210840 ,0.0714300 ,0.0613430 ,0.1909420 ,0.1489770 ,0.2516230 ,0.0613430 ,0.1210840 ,0.2516230 ,0.3806500 ,0.1909420 ,0.1324090 ,0.1734730 ,0.3315890 ,0.3315890 ,0.0498580 ,0.3806500 ,0.0498580 ,0.0480450 ,0.2668820 ,0.1489770 ,0.1489770 ,0.1489770 ,0.1489770 ,0.0498580 ,0.1296600 ,0.1909420 ,0.2888520 ,0.1078380 ,0.0613430 ,0.0714300 ,0.0545210 ,0.0545210 ,0.0545210 ,0.0498580 ,0.0466470 ,0.3315890 ,0.3806500 ,0.3806500 ,0.3806500 ,0.3806500 
0.1630750 ,0.0317600 ,0.0364590 ,0.3040510 ,0.0322590 ,0.0317600 ,0.1936130 ,0.0419460 ,0.3040510 ,0.1936130 ,0.0411720 ,0.0105310 ,0.3040510 ,0.3028080 ,0.0262180 ,0.0545210 ,1.0000000 ,0.0276660 ,0.1073600 ,0.1630750 ,0.0276660 ,0.0262180 ,0.3725800 ,0.4755310 ,0.0545210 ,0.1630750 ,0.0418530 ,0.1630750 ,0.2382250 ,0.1936130 ,0.1936130 ,0.2221270 ,0.0262180 ,0.5645160 ,0.0551540 ,0.0241010 ,0.0411720 ,0.1630750 ,0.0091740 ,0.0633140 ,0.0411720 ,0.0322590 ,0.0262180 ,0.2382250 ,0.0633140 ,0.0276660 ,0.2550470 ,0.0317600 ,0.0250850 ,0.7205020 ,0.0322590 ,0.0411720 ,0.0220820 ,0.0411720 ,0.2382250 ,0.0317600 ,0.0322590 ,0.0418530 ,0.3725800 ,0.0220820 ,0.0418530 ,0.0633140 ,0.0317600 ,0.0262180 ,0.0411720 ,0.0551540 ,0.0551540 ,0.2550470 ,0.0633140 ,0.1630750 ,0.0079910 ,0.0749630 ,0.0322590 ,0.0322590 ,0.0322590 ,0.0322590 ,0.2550470 ,0.0282940 ,0.0317600 ,0.0480450 ,0.0281620 ,0.0322590 ,0.4755310 ,0.1936130 ,0.1936130 ,0.1936130 ,0.1630750 ,0.1420260 ,0.0551540 ,0.0633140 ,0.0633140 ,0.0633140 ,0.0633140 
0.0633140 ,0.1663320 ,0.1909420 ,0.1663320 ,0.2888520 ,0.1663320 ,0.1448940 ,0.1262190 ,0.0726820 ,0.0052830 ,0.1909420 ,0.0317600 ,0.0005060 ,0.0052830 ,0.2516230 ,0.1663320 ,0.0276660 ,1.0000000 ,0.1663320 ,0.1663320 ,0.1448940 ,0.1262190 ,0.3315890 ,0.0001930 ,0.0834360 ,0.2888520 ,0.2191930 ,0.3315890 ,0.1262190 ,0.0276660 ,0.2888520 ,0.3315890 ,0.0834360 ,0.0364590 ,0.2888520 ,0.1262190 ,0.0633140 ,0.1663320 ,0.0480450 ,0.3315890 ,0.1099520 ,0.1663320 ,0.2516230 ,0.3315890 ,0.3315890 ,0.1448940 ,0.0034920 ,0.1663320 ,0.2191930 ,0.2516230 ,0.2516230 ,0.2888520 ,0.1909420 ,0.1909420 ,0.3315890 ,0.1663320 ,0.0957800 ,0.2191930 ,0.3315890 ,0.1262190 ,0.2191930 ,0.3315890 ,0.1663320 ,0.1262190 ,0.2888520 ,0.2888520 ,0.2888520 ,0.0633140 ,0.3315890 ,0.1262190 ,0.0418530 ,0.3315890 ,0.3315890 ,0.3315890 ,0.2191930 ,0.1909420 ,0.1909420 ,0.3315890 ,0.1663320 ,0.2516230 ,0.3315890 ,0.1909420 ,0.1099520 ,0.2516230 ,0.3315890 ,0.3315890 ,0.3315890 ,0.3315890 ,0.2888520 ,0.3315890 ,0.3315890 ,0.3315890 ,0.3315890 
0.1016270 ,0.1909420 ,0.2191930 ,0.1282500 ,0.5174150 ,0.1909420 ,0.1073600 ,0.2632200 ,0.1282500 ,0.1073600 ,0.3114630 ,0.0364590 ,0.1282500 ,0.1073600 ,0.2607310 ,0.3572570 ,0.1073600 ,0.1663320 ,1.0000000 ,0.1016270 ,0.1663320 ,0.2607310 ,0.1157690 ,0.1282500 ,0.1471060 ,0.1016270 ,0.2516230 ,0.1016270 ,0.1157690 ,0.1073600 ,0.1073600 ,0.0976860 ,0.2607310 ,0.1157690 ,0.3315890 ,0.1448940 ,0.1282500 ,0.1016270 ,0.0551540 ,0.3806500 ,0.5731970 ,0.1157690 ,0.4798330 ,0.1157690 ,0.3806500 ,0.1663320 ,0.1016270 ,0.1909420 ,0.2101590 ,0.1282500 ,0.5174150 ,0.1282500 ,0.4542090 ,0.1282500 ,0.1157690 ,0.1909420 ,0.2811530 ,0.2516230 ,0.1157690 ,0.2468080 ,0.2516230 ,0.3806500 ,0.1909420 ,0.4798330 ,0.5731970 ,0.3315890 ,0.3315890 ,0.1016270 ,0.3806500 ,0.1016270 ,0.0480450 ,0.7882700 ,0.2811530 ,0.2811530 ,0.5174150 ,0.2811530 ,0.1016270 ,0.4439330 ,0.1909420 ,0.2888520 ,0.3483420 ,0.1157690 ,0.1282500 ,0.1073600 ,0.1073600 ,0.1073600 ,0.1016270 ,0.0976860 ,0.3315890 ,0.3806500 ,0.3806500 ,0.3806500 ,0.3806500 
0.1330870 ,0.1909420 ,0.2191930 ,0.6433220 ,0.0280130 ,0.1909420 ,0.8422710 ,0.0384440 ,0.2714810 ,0.1630750 ,0.0367620 ,0.0364590 ,0.2714810 ,0.1630750 ,0.0220820 ,0.0498580 ,0.1630750 ,0.1663320 ,0.1016270 ,1.0000000 ,0.1663320 ,0.0220820 ,0.2068740 ,0.2714810 ,0.0498580 ,0.1330870 ,0.2516230 ,0.1330870 ,0.2068740 ,0.1630750 ,0.1630750 ,0.1124150 ,0.0220820 ,0.2068740 ,0.3315890 ,0.1448940 ,0.0367620 ,0.1330870 ,0.0551540 ,0.3806500 ,0.0367620 ,0.0280130 ,0.0220820 ,0.2068740 ,0.3806500 ,0.1663320 ,0.1330870 ,0.1909420 ,0.0218280 ,0.2714810 ,0.0280130 ,0.0367620 ,0.0180220 ,0.0367620 ,0.2068740 ,0.1909420 ,0.0280130 ,0.2516230 ,0.2068740 ,0.0180220 ,0.2516230 ,0.3806500 ,0.1909420 ,0.0220820 ,0.0367620 ,0.3315890 ,0.3315890 ,0.1330870 ,0.3806500 ,0.1330870 ,0.0480450 ,0.0698990 ,0.0280130 ,0.0280130 ,0.0280130 ,0.0280130 ,0.1330870 ,0.0245980 ,0.1909420 ,0.2888520 ,0.0252200 ,0.0280130 ,0.2714810 ,0.1630750 ,0.1630750 ,0.1630750 ,0.1330870 ,0.1124150 ,0.3315890 ,0.3806500 ,0.3806500 ,0.3806500 ,0.3806500 
0.0633140 ,1.0000000 ,1.0000000 ,0.1663320 ,0.2888520 ,0.1663320 ,0.1448940 ,0.1262190 ,0.0726820 ,0.0052830 ,0.1909420 ,0.0317600 ,0.0005060 ,0.0052830 ,0.2516230 ,0.1663320 ,0.0276660 ,0.1448940 ,0.1663320 ,0.1663320 ,1.0000000 ,0.1262190 ,0.3315890 ,0.0001930 ,0.0834360 ,0.2888520 ,1.0000000 ,0.3315890 ,0.1262190 ,0.0276660 ,0.2888520 ,0.3315890 ,0.0834360 ,0.0364590 ,1.0000000 ,1.0000000 ,0.0633140 ,0.1663320 ,1.0000000 ,1.0000000 ,0.1099520 ,0.1663320 ,0.2516230 ,0.3315890 ,1.0000000 ,1.0000000 ,0.0034920 ,1.0000000 ,0.2191930 ,0.2516230 ,0.2516230 ,0.2888520 ,0.1909420 ,0.1909420 ,0.3315890 ,1.0000000 ,0.0957800 ,1.0000000 ,0.3315890 ,0.1262190 ,1.0000000 ,1.0000000 ,1.0000000 ,0.1262190 ,0.2888520 ,1.0000000 ,1.0000000 ,0.0633140 ,1.0000000 ,0.1262190 ,1.0000000 ,0.3315890 ,0.3315890 ,0.3315890 ,0.2191930 ,0.1909420 ,0.1909420 ,0.3315890 ,1.0000000 ,1.0000000 ,0.3315890 ,0.1909420 ,0.1099520 ,0.2516230 ,0.3315890 ,0.3315890 ,0.3315890 ,0.3315890 ,1.0000000 ,1.0000000 ,1.0000000 ,1.0000000 ,1.0000000 
0.0220820 ,0.1448940 ,0.1663320 ,0.0411720 ,0.0783420 ,0.1448940 ,0.0262180 ,0.3097640 ,0.0411720 ,0.0262180 ,0.0999900 ,0.0276660 ,0.0411720 ,0.0262180 ,0.0636720 ,0.1324090 ,0.0262180 ,0.1262190 ,0.2607310 ,0.0220820 ,0.1262190 ,1.0000000 ,0.0322590 ,0.0411720 ,0.0545210 ,0.0220820 ,0.1909420 ,0.0220820 ,0.0322590 ,0.0262180 ,0.0262180 ,0.0192320 ,0.6816480 ,0.0322590 ,0.2516230 ,0.1099520 ,0.0411720 ,0.0220820 ,0.0418530 ,0.2888520 ,0.0999900 ,0.0322590 ,0.0636720 ,0.0322590 ,0.2888520 ,0.1262190 ,0.0220820 ,0.1448940 ,0.0609200 ,0.0411720 ,0.0783420 ,0.0411720 ,0.0536290 ,0.0411720 ,0.0322590 ,0.1448940 ,0.0783420 ,0.1909420 ,0.0322590 ,0.0536290 ,0.1909420 ,0.2888520 ,0.1448940 ,0.0636720 ,0.0999900 ,0.2516230 ,0.2516230 ,0.0220820 ,0.2888520 ,0.0220820 ,0.0364590 ,0.1820540 ,0.0783420 ,0.0783420 ,0.0783420 ,0.0783420 ,0.0220820 ,0.1091330 ,0.1448940 ,0.2191930 ,0.0924240 ,0.0322590 ,0.0411720 ,0.0262180 ,0.0262180 ,0.0262180 ,0.0220820 ,0.0192320 ,0.2516230 ,0.2888520 ,0.2888520 ,0.2888520 ,0.2888520 
0.2068740 ,0.3806500 ,0.4369690 ,0.3516650 ,0.0384620 ,0.3806500 ,0.2382250 ,0.0470410 ,0.3516650 ,0.2382250 ,0.0476200 ,0.0726820 ,0.3516650 ,0.3725800 ,0.0322590 ,0.0613430 ,0.3725800 ,0.3315890 ,0.1157690 ,0.2068740 ,0.3315890 ,0.0322590 ,1.0000000 ,0.5499990 ,0.0613430 ,0.2068740 ,0.5016210 ,0.2068740 ,0.2840370 ,0.2382250 ,0.2382250 ,0.2897580 ,0.0322590 ,0.4442300 ,0.6610360 ,0.2888520 ,0.0476200 ,0.2068740 ,0.1099520 ,0.7588400 ,0.0476200 ,0.0384620 ,0.0322590 ,0.2840370 ,0.7588400 ,0.3315890 ,0.3235470 ,0.3806500 ,0.0298200 ,0.5499990 ,0.0384620 ,0.0476200 ,0.0280130 ,0.0476200 ,0.2840370 ,0.3806500 ,0.0384620 ,0.5016210 ,1.0000000 ,0.0280130 ,0.5016210 ,0.7588400 ,0.3806500 ,0.0322590 ,0.0476200 ,0.6610360 ,0.6610360 ,0.3235470 ,0.7588400 ,0.2068740 ,0.0957800 ,0.0823790 ,0.0384620 ,0.0384620 ,0.0384620 ,0.0384620 ,0.3235470 ,0.0336790 ,0.3806500 ,0.5758380 ,0.0324310 ,0.0384620 ,0.5499990 ,0.2382250 ,0.2382250 ,0.2382250 ,0.2068740 ,0.1852690 ,0.6610360 ,0.7588400 ,0.7588400 ,0.7588400 ,0.7588400 
0.2714810 ,0.0002210 ,0.0002540 ,0.4219990 ,0.0476200 ,0.0002210 ,0.3040510 ,0.0545140 ,0.4219990 ,0.3040510 ,0.0571440 ,0.0000560 ,0.4219990 ,0.4755310 ,0.0411720 ,0.0714300 ,0.4755310 ,0.0001930 ,0.1282500 ,0.2714810 ,0.0001930 ,0.0411720 ,0.5499990 ,1.0000000 ,0.0714300 ,0.2714810 ,0.0002910 ,0.2714810 ,0.3516650 ,0.3040510 ,0.3040510 ,0.3895000 ,0.0411720 ,0.5499990 ,0.0003840 ,0.0001680 ,0.0571440 ,0.2714810 ,0.0000640 ,0.0004410 ,0.0571440 ,0.0476200 ,0.0411720 ,0.3516650 ,0.0004410 ,0.0001930 ,0.4245920 ,0.0002210 ,0.0367570 ,0.6599990 ,0.0476200 ,0.0571440 ,0.0367620 ,0.0571440 ,0.3516650 ,0.0002210 ,0.0476200 ,0.0002910 ,0.5499990 ,0.0367620 ,0.0002910 ,0.0004410 ,0.0002210 ,0.0411720 ,0.0571440 ,0.0003840 ,0.0003840 ,0.4245920 ,0.0004410 ,0.2714810 ,0.0000560 ,0.0933600 ,0.0476200 ,0.0476200 ,0.0476200 ,0.0476200 ,0.4245920 ,0.0415970 ,0.0002210 ,0.0003340 ,0.0386710 ,0.0476200 ,0.6599990 ,0.3040510 ,0.3040510 ,0.3040510 ,0.2714810 ,0.2490440 ,0.0003840 ,0.0004410 ,0.0004410 ,0.0004410 ,0.0004410 
0.0498580 ,0.0957800 ,0.1099520 ,0.0714300 ,0.0613430 ,0.0957800 ,0.0545210 ,0.0656070 ,0.0714300 ,0.0545210 ,0.0714300 ,0.0182880 ,0.0714300 ,0.0545210 ,0.0545210 ,0.0865820 ,0.0545210 ,0.0834360 ,0.1471060 ,0.0498580 ,0.0834360 ,0.0545210 ,0.0613430 ,0.0714300 ,1.0000000 ,0.0498580 ,0.1262190 ,0.0498580 ,0.0613430 ,0.0545210 ,0.0545210 ,0.0466470 ,0.0545210 ,0.0613430 ,0.1663320 ,0.0726820 ,0.8250000 ,0.0498580 ,0.0276660 ,0.1909420 ,0.0714300 ,0.0613430 ,0.0545210 ,0.0613430 ,0.1909420 ,0.0834360 ,0.0498580 ,0.0957800 ,0.0470410 ,0.0714300 ,0.0613430 ,0.0714300 ,0.0498580 ,0.8250000 ,0.0613430 ,0.0957800 ,0.0613430 ,0.1262190 ,0.0613430 ,0.0498580 ,0.1262190 ,0.1909420 ,0.0957800 ,0.0545210 ,0.0714300 ,0.1663320 ,0.1663320 ,0.0498580 ,0.1909420 ,0.0498580 ,0.0241010 ,0.1098920 ,0.0613430 ,0.0613430 ,0.0613430 ,0.0613430 ,0.0498580 ,0.0533890 ,0.0957800 ,0.1448940 ,0.0478830 ,0.0613430 ,0.0714300 ,0.0545210 ,0.0545210 ,0.0545210 ,0.0498580 ,0.0466470 ,0.1663320 ,0.1909420 ,0.1909420 ,0.1909420 ,0.1909420 
0.1330870 ,0.3315890 ,0.3806500 ,0.2714810 ,0.0280130 ,0.3315890 ,0.1630750 ,0.0384440 ,0.2714810 ,0.1630750 ,0.0367620 ,0.0633140 ,0.2714810 ,0.1630750 ,0.0220820 ,0.0498580 ,0.1630750 ,0.2888520 ,0.1016270 ,0.1330870 ,0.2888520 ,0.0220820 ,0.2068740 ,0.2714810 ,0.0498580 ,1.0000000 ,0.4369690 ,0.1330870 ,0.2068740 ,0.1630750 ,0.1630750 ,0.1124150 ,0.0220820 ,0.2068740 ,0.5758380 ,0.2516230 ,0.0367620 ,0.1330870 ,0.0957800 ,0.6610360 ,0.0367620 ,0.0280130 ,0.0220820 ,0.2068740 ,0.6610360 ,0.2888520 ,0.1330870 ,0.3315890 ,0.0218280 ,0.2714810 ,0.0280130 ,0.0367620 ,0.0180220 ,0.0367620 ,0.2068740 ,0.3315890 ,0.0280130 ,0.4369690 ,0.2068740 ,0.0180220 ,0.4369690 ,0.6610360 ,0.3315890 ,0.0220820 ,0.0367620 ,0.5758380 ,0.5758380 ,0.1330870 ,0.6610360 ,0.1330870 ,0.0834360 ,0.0698990 ,0.0280130 ,0.0280130 ,0.0280130 ,0.0280130 ,0.1330870 ,0.0245980 ,0.3315890 ,0.5016210 ,0.0252200 ,0.0280130 ,0.2714810 ,0.1630750 ,0.2550470 ,0.3864350 ,0.1330870 ,0.1124150 ,0.5758380 ,0.6610360 ,0.6610360 ,0.6610360 ,0.6610360 
0.0957800 ,1.0000000 ,1.0000000 ,0.2516230 ,0.4369690 ,0.2516230 ,0.2191930 ,0.1909420 ,0.1099520 ,0.0079910 ,0.2888520 ,0.0480450 ,0.0007650 ,0.0079910 ,0.3806500 ,0.2516230 ,0.0418530 ,0.2191930 ,0.2516230 ,0.2516230 ,1.0000000 ,0.1909420 ,0.5016210 ,0.0002910 ,0.1262190 ,0.4369690 ,1.0000000 ,0.5016210 ,0.1909420 ,0.0418530 ,0.4369690 ,0.5016210 ,0.1262190 ,0.0551540 ,1.0000000 ,1.0000000 ,0.0957800 ,0.2516230 ,1.0000000 ,1.0000000 ,0.1663320 ,0.2516230 ,0.3806500 ,0.5016210 ,1.0000000 ,1.0000000 ,0.0052830 ,1.0000000 ,0.3315890 ,0.3806500 ,0.3806500 ,0.4369690 ,0.2888520 ,0.2888520 ,0.5016210 ,1.0000000 ,0.1448940 ,1.0000000 ,0.5016210 ,0.1909420 ,1.0000000 ,1.0000000 ,1.0000000 ,0.1909420 ,0.4369690 ,1.0000000 ,1.0000000 ,0.0957800 ,1.0000000 ,0.1909420 ,1.0000000 ,0.5016210 ,0.5016210 ,0.5016210 ,0.3315890 ,0.2888520 ,0.2888520 ,0.5016210 ,1.0000000 ,1.0000000 ,0.5016210 ,0.2888520 ,0.1663320 ,0.3806500 ,0.5016210 ,0.5016210 ,0.5016210 ,0.5016210 ,1.0000000 ,1.0000000 ,1.0000000 ,1.0000000 ,1.0000000 
0.1330870 ,0.3806500 ,0.4369690 ,0.2714810 ,0.0280130 ,0.3806500 ,0.1630750 ,0.0384440 ,0.2714810 ,0.8422710 ,0.0367620 ,0.0726820 ,0.2714810 ,0.1630750 ,0.0220820 ,0.0498580 ,0.1630750 ,0.3315890 ,0.1016270 ,0.1330870 ,0.3315890 ,0.0220820 ,0.2068740 ,0.2714810 ,0.0498580 ,0.1330870 ,0.5016210 ,1.0000000 ,0.2068740 ,0.1630750 ,0.1630750 ,0.1124150 ,0.0220820 ,0.2068740 ,0.6610360 ,0.2888520 ,0.0367620 ,0.1330870 ,0.1099520 ,0.7588400 ,0.0367620 ,0.0280130 ,0.0220820 ,0.2068740 ,0.7588400 ,0.3315890 ,0.1330870 ,0.3806500 ,0.0218280 ,0.2714810 ,0.0280130 ,0.0367620 ,0.0180220 ,0.0367620 ,0.2068740 ,0.3806500 ,0.0280130 ,0.5016210 ,0.2068740 ,0.0180220 ,0.5016210 ,0.7588400 ,0.3806500 ,0.0220820 ,0.0367620 ,0.6610360 ,0.6610360 ,0.1330870 ,0.7588400 ,0.1330870 ,0.0957800 ,0.0698990 ,0.0280130 ,0.0280130 ,0.0280130 ,0.0280130 ,0.1330870 ,0.0245980 ,0.3806500 ,0.5758380 ,0.0252200 ,0.0280130 ,0.2714810 ,0.1630750 ,0.1630750 ,0.1630750 ,0.1330870 ,0.1124150 ,0.6610360 ,0.7588400 ,0.7588400 ,0.7588400 ,0.7588400 
0.2068740 ,0.1448940 ,0.1663320 ,0.3516650 ,0.0384620 ,0.1448940 ,0.2382250 ,0.0470410 ,0.3516650 ,0.2382250 ,0.0476200 ,0.0276660 ,0.3516650 ,0.2382250 ,0.0322590 ,0.0613430 ,0.2382250 ,0.1262190 ,0.1157690 ,0.2068740 ,0.1262190 ,0.0322590 ,0.2840370 ,0.3516650 ,0.0613430 ,0.2068740 ,0.1909420 ,0.2068740 ,1.0000000 ,0.2382250 ,0.5645160 ,0.1852690 ,0.0322590 ,0.2840370 ,0.2516230 ,0.1099520 ,0.0476200 ,0.2068740 ,0.0418530 ,0.2888520 ,0.0476200 ,0.0384620 ,0.0322590 ,0.4442300 ,0.2888520 ,0.1262190 ,0.2068740 ,0.1448940 ,0.0298200 ,0.3516650 ,0.0384620 ,0.0476200 ,0.0280130 ,0.0476200 ,0.2840370 ,0.1448940 ,0.0384620 ,0.1909420 ,0.2840370 ,0.0280130 ,0.1909420 ,0.2888520 ,0.1448940 ,0.0322590 ,0.0476200 ,0.2516230 ,0.2516230 ,0.2068740 ,0.2888520 ,0.7283320 ,0.0364590 ,0.0823790 ,0.0384620 ,0.0384620 ,0.0384620 ,0.0384620 ,0.2068740 ,0.0336790 ,0.1448940 ,0.2191930 ,0.0324310 ,0.0384620 ,0.3516650 ,0.2382250 ,0.2382250 ,0.2382250 ,0.3235470 ,0.1852690 ,0.2516230 ,0.2888520 ,0.2888520 ,0.2888520 ,0.2888520 
0.1630750 ,0.0317600 ,0.0364590 ,0.3040510 ,0.0322590 ,0.0317600 ,0.1936130 ,0.0419460 ,0.3040510 ,0.1936130 ,0.0411720 ,0.0060640 ,0.3040510 ,0.1936130 ,0.0262180 ,0.0545210 ,0.1936130 ,0.0276660 ,0.1073600 ,0.1630750 ,0.0276660 ,0.0262180 ,0.2382250 ,0.3040510 ,0.0545210 ,0.1630750 ,0.0418530 ,0.1630750 ,0.2382250 ,1.0000000 ,0.1936130 ,0.1420260 ,0.0262180 ,0.2382250 ,0.0551540 ,0.0241010 ,0.0411720 ,0.1630750 ,0.0091740 ,0.0633140 ,0.0411720 ,0.0322590 ,0.0262180 ,0.2382250 ,0.0633140 ,0.0276660 ,0.1630750 ,0.0317600 ,0.0250850 ,0.3040510 ,0.0322590 ,0.0411720 ,0.0220820 ,0.0411720 ,0.2382250 ,0.0317600 ,0.0322590 ,0.0418530 ,0.2382250 ,0.0220820 ,0.0418530 ,0.0633140 ,0.0317600 ,0.0262180 ,0.0411720 ,0.0551540 ,0.0551540 ,0.1630750 ,0.0633140 ,0.1630750 ,0.0079910 ,0.0749630 ,0.0322590 ,0.0322590 ,0.0322590 ,0.0322590 ,0.1630750 ,0.0282940 ,0.0317600 ,0.0480450 ,0.0281620 ,0.0322590 ,0.3040510 ,0.1936130 ,0.1936130 ,0.1936130 ,0.1630750 ,0.1420260 ,0.0551540 ,0.0633140 ,0.0633140 ,0.0633140 ,0.0633140 
0.1630750 ,0.3315890 ,0.3806500 ,0.3040510 ,0.0322590 ,0.3315890 ,0.1936130 ,0.0419460 ,0.3040510 ,0.1936130 ,0.0411720 ,0.0633140 ,0.3040510 ,0.1936130 ,0.0262180 ,0.0545210 ,0.1936130 ,0.2888520 ,0.1073600 ,0.1630750 ,0.2888520 ,0.0262180 ,0.2382250 ,0.3040510 ,0.0545210 ,0.1630750 ,0.4369690 ,0.1630750 ,0.5645160 ,0.1936130 ,1.0000000 ,0.1420260 ,0.0262180 ,0.2382250 ,0.5758380 ,0.2516230 ,0.0411720 ,0.1630750 ,0.0957800 ,0.6610360 ,0.0411720 ,0.0322590 ,0.0262180 ,0.3725800 ,0.6610360 ,0.2888520 ,0.1630750 ,0.3315890 ,0.0250850 ,0.3040510 ,0.0322590 ,0.0411720 ,0.0220820 ,0.0411720 ,0.2382250 ,0.3315890 ,0.0322590 ,0.4369690 ,0.2382250 ,0.0220820 ,0.4369690 ,0.6610360 ,0.3315890 ,0.0262180 ,0.0411720 ,0.5758380 ,0.5758380 ,0.1630750 ,0.6610360 ,0.3864350 ,0.0834360 ,0.0749630 ,0.0322590 ,0.0322590 ,0.0322590 ,0.0322590 ,0.1630750 ,0.0282940 ,0.3315890 ,0.5016210 ,0.0281620 ,0.0322590 ,0.3040510 ,0.1936130 ,0.1936130 ,0.1936130 ,0.2550470 ,0.1420260 ,0.5758380 ,0.6610360 ,0.6610360 ,0.6610360 ,0.6610360 
0.1124150 ,0.3806500 ,0.4369690 ,0.2490440 ,0.0250880 ,0.3806500 ,0.1420260 ,0.0360230 ,0.2490440 ,0.1420260 ,0.0337240 ,0.0726820 ,0.2490440 ,0.2221270 ,0.0192320 ,0.0466470 ,0.2221270 ,0.3315890 ,0.0976860 ,0.1124150 ,0.3315890 ,0.0192320 ,0.2897580 ,0.3895000 ,0.0466470 ,0.1124150 ,0.5016210 ,0.1124150 ,0.1852690 ,0.1420260 ,0.1420260 ,1.0000000 ,0.0192320 ,0.2897580 ,0.6610360 ,0.2888520 ,0.0337240 ,0.1124150 ,0.1099520 ,0.7588400 ,0.0337240 ,0.0250880 ,0.0192320 ,0.1852690 ,0.7588400 ,0.3315890 ,0.1758150 ,0.3806500 ,0.0195760 ,0.3895000 ,0.0250880 ,0.0337240 ,0.0152220 ,0.0337240 ,0.1852690 ,0.3806500 ,0.0250880 ,0.5016210 ,0.2897580 ,0.0152220 ,0.5016210 ,0.7588400 ,0.3806500 ,0.0192320 ,0.0337240 ,0.6610360 ,0.6610360 ,0.1758150 ,0.7588400 ,0.1124150 ,0.0957800 ,0.0664140 ,0.0250880 ,0.0250880 ,0.0250880 ,0.0250880 ,0.1758150 ,0.0220460 ,0.3806500 ,0.5758380 ,0.0231830 ,0.0250880 ,0.3895000 ,0.1420260 ,0.1420260 ,0.1420260 ,0.1124150 ,0.0920000 ,0.6610360 ,0.7588400 ,0.7588400 ,0.7588400 ,0.7588400 
0.0220820 ,0.0957800 ,0.1099520 ,0.0411720 ,0.0783420 ,0.0957800 ,0.0262180 ,0.3097640 ,0.0411720 ,0.0262180 ,0.0999900 ,0.0182880 ,0.0411720 ,0.0262180 ,0.0636720 ,0.1324090 ,0.0262180 ,0.0834360 ,0.2607310 ,0.0220820 ,0.0834360 ,0.6816480 ,0.0322590 ,0.0411720 ,0.0545210 ,0.0220820 ,0.1262190 ,0.0220820 ,0.0322590 ,0.0262180 ,0.0262180 ,0.0192320 ,1.0000000 ,0.0322590 ,0.1663320 ,0.0726820 ,0.0411720 ,0.0220820 ,0.0276660 ,0.1909420 ,0.0999900 ,0.0322590 ,0.0636720 ,0.0322590 ,0.1909420 ,0.0834360 ,0.0220820 ,0.0957800 ,0.0609200 ,0.0411720 ,0.0783420 ,0.0411720 ,0.0536290 ,0.0411720 ,0.0322590 ,0.0957800 ,0.0783420 ,0.1262190 ,0.0322590 ,0.0536290 ,0.1262190 ,0.1909420 ,0.0957800 ,0.0636720 ,0.0999900 ,0.1663320 ,0.1663320 ,0.0220820 ,0.1909420 ,0.0220820 ,0.0241010 ,0.1820540 ,0.0783420 ,0.0783420 ,0.0783420 ,0.0783420 ,0.0220820 ,0.1091330 ,0.0957800 ,0.1448940 ,0.0924240 ,0.0322590 ,0.0411720 ,0.0262180 ,0.0262180 ,0.0262180 ,0.0220820 ,0.0192320 ,0.1663320 ,0.1909420 ,0.1909420 ,0.1909420 ,0.1909420 
0.2068740 ,0.0418530 ,0.0480450 ,0.3516650 ,0.0384620 ,0.0418530 ,0.2382250 ,0.0470410 ,0.3516650 ,0.2382250 ,0.0476200 ,0.0079910 ,0.3516650 ,0.3725800 ,0.0322590 ,0.0613430 ,0.5645160 ,0.0364590 ,0.1157690 ,0.2068740 ,0.0364590 ,0.0322590 ,0.4442300 ,0.5499990 ,0.0613430 ,0.2068740 ,0.0551540 ,0.2068740 ,0.2840370 ,0.2382250 ,0.2382250 ,0.2897580 ,0.0322590 ,1.0000000 ,0.0726820 ,0.0317600 ,0.0476200 ,0.2068740 ,0.0120890 ,0.0834360 ,0.0476200 ,0.0384620 ,0.0322590 ,0.2840370 ,0.0834360 ,0.0364590 ,0.3235470 ,0.0418530 ,0.0298200 ,0.8333330 ,0.0384620 ,0.0476200 ,0.0280130 ,0.0476200 ,0.2840370 ,0.0418530 ,0.0384620 ,0.0551540 ,0.4442300 ,0.0280130 ,0.0551540 ,0.0834360 ,0.0418530 ,0.0322590 ,0.0476200 ,0.0726820 ,0.0726820 ,0.3235470 ,0.0834360 ,0.2068740 ,0.0105310 ,0.0823790 ,0.0384620 ,0.0384620 ,0.0384620 ,0.0384620 ,0.3235470 ,0.0336790 ,0.0418530 ,0.0633140 ,0.0324310 ,0.0384620 ,0.5499990 ,0.2382250 ,0.2382250 ,0.2382250 ,0.2068740 ,0.1852690 ,0.0726820 ,0.0834360 ,0.0834360 ,0.0834360 ,0.0834360 
0.1262190 ,1.0000000 ,1.0000000 ,0.3315890 ,0.5758380 ,0.3315890 ,0.2888520 ,0.2516230 ,0.1448940 ,0.0105310 ,0.3806500 ,0.0633140 ,0.0010090 ,0.0105310 ,0.5016210 ,0.3315890 ,0.0551540 ,0.2888520 ,0.3315890 ,0.3315890 ,1.0000000 ,0.2516230 ,0.6610360 ,0.0003840 ,0.1663320 ,0.5758380 ,1.0000000 ,0.6610360 ,0.2516230 ,0.0551540 ,0.5758380 ,0.6610360 ,0.1663320 ,0.0726820 ,1.0000000 ,1.0000000 ,0.1262190 ,0.3315890 ,1.0000000 ,1.0000000 ,0.2191930 ,0.3315890 ,0.5016210 ,0.6610360 ,1.0000000 ,1.0000000 ,0.0069620 ,1.0000000 ,0.4369690 ,0.5016210 ,0.5016210 ,0.5758380 ,0.3806500 ,0.3806500 ,0.6610360 ,1.0000000 ,0.1909420 ,1.0000000 ,0.6610360 ,0.2516230 ,1.0000000 ,1.0000000 ,1.0000000 ,0.2516230 ,0.5758380 ,1.0000000 ,1.0000000 ,0.1262190 ,1.0000000 ,0.2516230 ,1.0000000 ,0.6610360 ,0.6610360 ,0.6610360 ,0.4369690 ,0.3806500 ,0.3806500 ,0.6610360 ,1.0000000 ,1.0000000 ,0.6610360 ,0.3806500 ,0.2191930 ,0.5016210 ,0.6610360 ,0.6610360 ,0.6610360 ,0.6610360 ,1.0000000 ,1.0000000 ,1.0000000 ,1.0000000 ,1.0000000 
0.0551540 ,1.0000000 ,1.0000000 ,0.1448940 ,0.2516230 ,0.1448940 ,0.1262190 ,0.1099520 ,0.0633140 ,0.0046020 ,0.1663320 ,0.0276660 ,0.0004410 ,0.0046020 ,0.2191930 ,0.1448940 ,0.0241010 ,0.1262190 ,0.1448940 ,0.1448940 ,1.0000000 ,0.1099520 ,0.2888520 ,0.0001680 ,0.0726820 ,0.2516230 ,1.0000000 ,0.2888520 ,0.1099520 ,0.0241010 ,0.2516230 ,0.2888520 ,0.0726820 ,0.0317600 ,1.0000000 ,1.0000000 ,0.0551540 ,0.1448940 ,1.0000000 ,1.0000000 ,0.0957800 ,0.1448940 ,0.2191930 ,0.2888520 ,1.0000000 ,1.0000000 ,0.0030420 ,1.0000000 ,0.1909420 ,0.2191930 ,0.2191930 ,0.2516230 ,0.1663320 ,0.1663320 ,0.2888520 ,1.0000000 ,0.0834360 ,1.0000000 ,0.2888520 ,0.1099520 ,1.0000000 ,1.0000000 ,1.0000000 ,0.1099520 ,0.2516230 ,1.0000000 ,1.0000000 ,0.0551540 ,1.0000000 ,0.1099520 ,1.0000000 ,0.2888520 ,0.2888520 ,0.2888520 ,0.1909420 ,0.1663320 ,0.1663320 ,0.2888520 ,1.0000000 ,1.0000000 ,0.2888520 ,0.1663320 ,0.0957800 ,0.2191930 ,0.2888520 ,0.2888520 ,0.2888520 ,0.2888520 ,1.0000000 ,1.0000000 ,1.0000000 ,1.0000000 ,1.0000000 
0.0367620 ,0.0726820 ,0.0834360 ,0.0571440 ,0.0476200 ,0.0726820 ,0.0411720 ,0.0545140 ,0.0571440 ,0.0411720 ,0.0571440 ,0.0138780 ,0.0571440 ,0.0411720 ,0.0411720 ,0.0714300 ,0.0411720 ,0.0633140 ,0.1282500 ,0.0367620 ,0.0633140 ,0.0411720 ,0.0476200 ,0.0571440 ,0.8250000 ,0.0367620 ,0.0957800 ,0.0367620 ,0.0476200 ,0.0411720 ,0.0411720 ,0.0337240 ,0.0411720 ,0.0476200 ,0.1262190 ,0.0551540 ,1.0000000 ,0.0367620 ,0.0209940 ,0.1448940 ,0.0571440 ,0.0476200 ,0.0411720 ,0.0476200 ,0.1448940 ,0.0633140 ,0.0367620 ,0.0726820 ,0.0367570 ,0.0571440 ,0.0476200 ,0.0571440 ,0.0367620 ,1.0000000 ,0.0476200 ,0.0726820 ,0.0476200 ,0.0957800 ,0.0476200 ,0.0367620 ,0.0957800 ,0.1448940 ,0.0726820 ,0.0411720 ,0.0571440 ,0.1262190 ,0.1262190 ,0.0367620 ,0.1448940 ,0.0367620 ,0.0182880 ,0.0933600 ,0.0476200 ,0.0476200 ,0.0476200 ,0.0476200 ,0.0367620 ,0.0415970 ,0.0726820 ,0.1099520 ,0.0386710 ,0.0476200 ,0.0571440 ,0.0411720 ,0.0411720 ,0.0411720 ,0.0367620 ,0.0337240 ,0.1262190 ,0.1448940 ,0.1448940 ,0.1448940 ,0.1448940 
0.1330870 ,0.1909420 ,0.2191930 ,0.2714810 ,0.0280130 ,0.1909420 ,0.1630750 ,0.0384440 ,0.2714810 ,0.1630750 ,0.0367620 ,0.0364590 ,0.2714810 ,0.1630750 ,0.0220820 ,0.0498580 ,0.1630750 ,0.1663320 ,0.1016270 ,0.1330870 ,0.1663320 ,0.0220820 ,0.2068740 ,0.2714810 ,0.0498580 ,0.1330870 ,0.2516230 ,0.1330870 ,0.2068740 ,0.1630750 ,0.1630750 ,0.1124150 ,0.0220820 ,0.2068740 ,0.3315890 ,0.1448940 ,0.0367620 ,1.0000000 ,0.0551540 ,0.3806500 ,0.0367620 ,0.0280130 ,0.0220820 ,0.2068740 ,0.3806500 ,0.1663320 ,0.1330870 ,0.1909420 ,0.0218280 ,0.2714810 ,0.0280130 ,0.0367620 ,0.0180220 ,0.0367620 ,0.2068740 ,0.1909420 ,0.0280130 ,0.2516230 ,0.2068740 ,0.0180220 ,0.2516230 ,0.3806500 ,0.1909420 ,0.0220820 ,0.0367620 ,0.3315890 ,0.3315890 ,0.1330870 ,0.3806500 ,0.1330870 ,0.0480450 ,0.0698990 ,0.0280130 ,0.0280130 ,0.0280130 ,0.0280130 ,0.1330870 ,0.0245980 ,0.1909420 ,0.2888520 ,0.0252200 ,0.0280130 ,0.2714810 ,0.1630750 ,0.1630750 ,0.1630750 ,0.1330870 ,0.8446720 ,0.3315890 ,0.3806500 ,0.3806500 ,0.3806500 ,0.3806500 
0.0209940 ,1.0000000 ,1.0000000 ,0.0551540 ,0.0957800 ,0.0551540 ,0.0480450 ,0.0418530 ,0.0241010 ,0.0017520 ,0.0633140 ,0.0105310 ,0.0001680 ,0.0017520 ,0.0834360 ,0.0551540 ,0.0091740 ,0.0480450 ,0.0551540 ,0.0551540 ,1.0000000 ,0.0418530 ,0.1099520 ,0.0000640 ,0.0276660 ,0.0957800 ,1.0000000 ,0.1099520 ,0.0418530 ,0.0091740 ,0.0957800 ,0.1099520 ,0.0276660 ,0.0120890 ,1.0000000 ,1.0000000 ,0.0209940 ,0.0551540 ,1.0000000 ,1.0000000 ,0.0364590 ,0.0551540 ,0.0834360 ,0.1099520 ,1.0000000 ,1.0000000 ,0.0011580 ,1.0000000 ,0.0726820 ,0.0834360 ,0.0834360 ,0.0957800 ,0.0633140 ,0.0633140 ,0.1099520 ,1.0000000 ,0.0317600 ,1.0000000 ,0.1099520 ,0.0418530 ,1.0000000 ,1.0000000 ,1.0000000 ,0.0418530 ,0.0957800 ,1.0000000 ,1.0000000 ,0.0209940 ,1.0000000 ,0.0418530 ,1.0000000 ,0.1099520 ,0.1099520 ,0.1099520 ,0.0726820 ,0.0633140 ,0.0633140 ,0.1099520 ,1.0000000 ,1.0000000 ,0.1099520 ,0.0633140 ,0.0364590 ,0.0834360 ,0.1099520 ,0.1099520 ,0.1099520 ,0.1099520 ,1.0000000 ,1.0000000 ,1.0000000 ,1.0000000 ,1.0000000 
0.1448940 ,1.0000000 ,1.0000000 ,0.3806500 ,0.6610360 ,0.3806500 ,0.3315890 ,0.2888520 ,0.1663320 ,0.0120890 ,0.4369690 ,0.0726820 ,0.0011580 ,0.0120890 ,0.5758380 ,0.3806500 ,0.0633140 ,0.3315890 ,0.3806500 ,0.3806500 ,1.0000000 ,0.2888520 ,0.7588400 ,0.0004410 ,0.1909420 ,0.6610360 ,1.0000000 ,0.7588400 ,0.2888520 ,0.0633140 ,0.6610360 ,0.7588400 ,0.1909420 ,0.0834360 ,1.0000000 ,1.0000000 ,0.1448940 ,0.3806500 ,1.0000000 ,1.0000000 ,0.2516230 ,0.3806500 ,0.5758380 ,0.7588400 ,1.0000000 ,1.0000000 ,0.0079910 ,1.0000000 ,0.5016210 ,0.5758380 ,0.5758380 ,0.6610360 ,0.4369690 ,0.4369690 ,0.7588400 ,1.0000000 ,0.2191930 ,1.0000000 ,0.7588400 ,0.2888520 ,1.0000000 ,1.0000000 ,1.0000000 ,0.2888520 ,0.6610360 ,1.0000000 ,1.0000000 ,0.1448940 ,1.0000000 ,0.2888520 ,1.0000000 ,0.7588400 ,0.7588400 ,0.7588400 ,0.5016210 ,0.4369690 ,0.4369690 ,0.7588400 ,1.0000000 ,1.0000000 ,0.7588400 ,0.4369690 ,0.2516230 ,0.5758380 ,0.7588400 ,0.7588400 ,0.7588400 ,0.7588400 ,1.0000000 ,1.0000000 ,1.0000000 ,1.0000000 ,1.0000000 
0.0367620 ,0.1262190 ,0.1448940 ,0.0571440 ,0.5499990 ,0.1262190 ,0.0411720 ,0.1323920 ,0.0571440 ,0.0411720 ,0.1387780 ,0.0241010 ,0.0571440 ,0.0411720 ,0.0999900 ,0.1734730 ,0.0411720 ,0.1099520 ,0.5731970 ,0.0367620 ,0.1099520 ,0.0999900 ,0.0476200 ,0.0571440 ,0.0714300 ,0.0367620 ,0.1663320 ,0.0367620 ,0.0476200 ,0.0411720 ,0.0411720 ,0.0337240 ,0.0999900 ,0.0476200 ,0.2191930 ,0.0957800 ,0.0571440 ,0.0367620 ,0.0364590 ,0.2516230 ,1.0000000 ,0.0476200 ,0.4755310 ,0.0476200 ,0.2516230 ,0.1099520 ,0.0367620 ,0.1262190 ,0.0892680 ,0.0571440 ,0.8333330 ,0.0571440 ,0.4245920 ,0.0571440 ,0.0476200 ,0.1262190 ,0.1156480 ,0.1663320 ,0.0476200 ,0.0892790 ,0.1663320 ,0.2516230 ,0.1262190 ,0.4755310 ,0.6599990 ,0.2191930 ,0.2191930 ,0.0367620 ,0.2516230 ,0.0367620 ,0.0317600 ,0.4172630 ,0.1156480 ,0.1156480 ,0.5499990 ,0.1156480 ,0.0367620 ,0.1859110 ,0.1262190 ,0.1909420 ,0.1527110 ,0.0476200 ,0.0571440 ,0.0411720 ,0.0411720 ,0.0411720 ,0.0367620 ,0.0337240 ,0.2191930 ,0.2516230 ,0.2516230 ,0.2516230 ,0.2516230 
0.0280130 ,0.1909420 ,0.2191930 ,0.0476200 ,0.0384620 ,0.1909420 ,0.0322590 ,0.0470410 ,0.0476200 ,0.0322590 ,0.0476200 ,0.0364590 ,0.0476200 ,0.0322590 ,0.0322590 ,0.0613430 ,0.0322590 ,0.1663320 ,0.1157690 ,0.0280130 ,0.1663320 ,0.0322590 ,0.0384620 ,0.0476200 ,0.0613430 ,0.0280130 ,0.2516230 ,0.0280130 ,0.0384620 ,0.0322590 ,0.0322590 ,0.0250880 ,0.0322590 ,0.0384620 ,0.3315890 ,0.1448940 ,0.0476200 ,0.0280130 ,0.0551540 ,0.3806500 ,0.0476200 ,1.0000000 ,0.0322590 ,0.0384620 ,0.3806500 ,0.1663320 ,0.0280130 ,0.1909420 ,0.0298200 ,0.0476200 ,0.0384620 ,0.8333330 ,0.0280130 ,0.0476200 ,0.0384620 ,0.1909420 ,0.0384620 ,0.2516230 ,0.0384620 ,0.0280130 ,0.2516230 ,0.3806500 ,0.1909420 ,0.0322590 ,0.0476200 ,0.3315890 ,0.3315890 ,0.0280130 ,0.3806500 ,0.0280130 ,0.0480450 ,0.0823790 ,0.0384620 ,0.0384620 ,0.0384620 ,0.0384620 ,0.0280130 ,0.0336790 ,0.1909420 ,0.2888520 ,0.0324310 ,0.0384620 ,0.0476200 ,0.0322590 ,0.0322590 ,0.0322590 ,0.0280130 ,0.0250880 ,0.3315890 ,0.3806500 ,0.3806500 ,0.3806500 ,0.3806500 
0.0220820 ,0.2888520 ,0.3315890 ,0.0411720 ,0.3725800 ,0.2888520 ,0.0262180 ,0.1018690 ,0.0411720 ,0.0262180 ,0.0999900 ,0.0551540 ,0.0411720 ,0.0262180 ,0.0636720 ,0.1324090 ,0.0262180 ,0.2516230 ,0.4798330 ,0.0220820 ,0.2516230 ,0.0636720 ,0.0322590 ,0.0411720 ,0.0545210 ,0.0220820 ,0.3806500 ,0.0220820 ,0.0322590 ,0.0262180 ,0.0262180 ,0.0192320 ,0.0636720 ,0.0322590 ,0.5016210 ,0.2191930 ,0.0411720 ,0.0220820 ,0.0834360 ,0.5758380 ,0.4755310 ,0.0322590 ,1.0000000 ,0.0322590 ,0.5758380 ,0.2516230 ,0.0220820 ,0.2888520 ,0.0609200 ,0.0411720 ,0.3725800 ,0.0411720 ,0.2550470 ,0.0411720 ,0.0322590 ,0.2888520 ,0.0783420 ,0.3806500 ,0.0322590 ,0.0536290 ,0.3806500 ,0.5758380 ,0.2888520 ,0.3028080 ,0.4755310 ,0.5016210 ,0.5016210 ,0.0220820 ,0.5758380 ,0.0220820 ,0.0726820 ,0.3350400 ,0.0783420 ,0.0783420 ,0.3725800 ,0.0783420 ,0.0220820 ,0.1264560 ,0.2888520 ,0.4369690 ,0.1061940 ,0.0322590 ,0.0411720 ,0.0262180 ,0.0262180 ,0.0262180 ,0.0220820 ,0.0192320 ,0.5016210 ,0.5758380 ,0.5758380 ,0.5758380 ,0.7588400 
0.2068740 ,0.3806500 ,0.4369690 ,0.3516650 ,0.0384620 ,0.3806500 ,0.2382250 ,0.0470410 ,0.3516650 ,0.2382250 ,0.0476200 ,0.0726820 ,0.3516650 ,0.2382250 ,0.0322590 ,0.0613430 ,0.2382250 ,0.3315890 ,0.1157690 ,0.2068740 ,0.3315890 ,0.0322590 ,0.2840370 ,0.3516650 ,0.0613430 ,0.2068740 ,0.5016210 ,0.2068740 ,0.4442300 ,0.2382250 ,0.3725800 ,0.1852690 ,0.0322590 ,0.2840370 ,0.6610360 ,0.2888520 ,0.0476200 ,0.2068740 ,0.1099520 ,0.7588400 ,0.0476200 ,0.0384620 ,0.0322590 ,1.0000000 ,0.7588400 ,0.3315890 ,0.2068740 ,0.3806500 ,0.0298200 ,0.3516650 ,0.0384620 ,0.0476200 ,0.0280130 ,0.0476200 ,0.2840370 ,0.3806500 ,0.0384620 ,0.5016210 ,0.2840370 ,0.0280130 ,0.5016210 ,0.7588400 ,0.3806500 ,0.0322590 ,0.0476200 ,0.6610360 ,0.6610360 ,0.2068740 ,0.7588400 ,0.3235470 ,0.0957800 ,0.0823790 ,0.0384620 ,0.0384620 ,0.0384620 ,0.0384620 ,0.2068740 ,0.0336790 ,0.3806500 ,0.5758380 ,0.0324310 ,0.0384620 ,0.3516650 ,0.2382250 ,0.2382250 ,0.2382250 ,0.7283320 ,0.1852690 ,0.6610360 ,0.7588400 ,0.7588400 ,0.7588400 ,0.7588400 
0.1448940 ,1.0000000 ,1.0000000 ,0.3806500 ,0.6610360 ,0.3806500 ,0.3315890 ,0.2888520 ,0.1663320 ,0.0120890 ,0.4369690 ,0.0726820 ,0.0011580 ,0.0120890 ,0.5758380 ,0.3806500 ,0.0633140 ,0.3315890 ,0.3806500 ,0.3806500 ,1.0000000 ,0.2888520 ,0.7588400 ,0.0004410 ,0.1909420 ,0.6610360 ,1.0000000 ,0.7588400 ,0.2888520 ,0.0633140 ,0.6610360 ,0.7588400 ,0.1909420 ,0.0834360 ,1.0000000 ,1.0000000 ,0.1448940 ,0.3806500 ,1.0000000 ,1.0000000 ,0.2516230 ,0.3806500 ,0.5758380 ,0.7588400 ,1.0000000 ,1.0000000 ,0.0079910 ,1.0000000 ,0.5016210 ,0.5758380 ,0.5758380 ,0.6610360 ,0.4369690 ,0.4369690 ,0.7588400 ,1.0000000 ,0.2191930 ,1.0000000 ,0.7588400 ,0.2888520 ,1.0000000 ,1.0000000 ,1.0000000 ,0.2888520 ,0.6610360 ,1.0000000 ,1.0000000 ,0.1448940 ,1.0000000 ,0.2888520 ,1.0000000 ,0.7588400 ,0.7588400 ,0.7588400 ,0.5016210 ,0.4369690 ,0.4369690 ,0.7588400 ,1.0000000 ,1.0000000 ,0.7588400 ,0.4369690 ,0.2516230 ,0.5758380 ,0.7588400 ,0.7588400 ,0.7588400 ,0.7588400 ,1.0000000 ,1.0000000 ,1.0000000 ,1.0000000 ,1.0000000 
0.0633140 ,1.0000000 ,1.0000000 ,0.1663320 ,0.2888520 ,0.1663320 ,0.1448940 ,0.1262190 ,0.0726820 ,0.0052830 ,0.1909420 ,0.0317600 ,0.0005060 ,0.0052830 ,0.2516230 ,0.1663320 ,0.0276660 ,0.1448940 ,0.1663320 ,0.1663320 ,1.0000000 ,0.1262190 ,0.3315890 ,0.0001930 ,0.0834360 ,0.2888520 ,1.0000000 ,0.3315890 ,0.1262190 ,0.0276660 ,0.2888520 ,0.3315890 ,0.0834360 ,0.0364590 ,1.0000000 ,1.0000000 ,0.0633140 ,0.1663320 ,1.0000000 ,1.0000000 ,0.1099520 ,0.1663320 ,0.2516230 ,0.3315890 ,1.0000000 ,1.0000000 ,0.0034920 ,1.0000000 ,0.2191930 ,0.2516230 ,0.2516230 ,0.2888520 ,0.1909420 ,0.1909420 ,0.3315890 ,1.0000000 ,0.0957800 ,1.0000000 ,0.3315890 ,0.1262190 ,1.0000000 ,1.0000000 ,1.0000000 ,0.1262190 ,0.2888520 ,1.0000000 ,1.0000000 ,0.0633140 ,1.0000000 ,0.1262190 ,1.0000000 ,0.3315890 ,0.3315890 ,0.3315890 ,0.2191930 ,0.1909420 ,0.1909420 ,0.3315890 ,1.0000000 ,1.0000000 ,0.3315890 ,0.1909420 ,0.1099520 ,0.2516230 ,0.3315890 ,0.3315890 ,0.3315890 ,0.3315890 ,1.0000000 ,1.0000000 ,1.0000000 ,1.0000000 ,1.0000000 
0.1330870 ,0.0040090 ,0.0046020 ,0.2714810 ,0.0280130 ,0.0040090 ,0.1630750 ,0.0384440 ,0.2714810 ,0.1630750 ,0.0367620 ,0.0010090 ,0.2714810 ,0.2550470 ,0.0220820 ,0.0498580 ,0.2550470 ,0.0034920 ,0.1016270 ,0.1330870 ,0.0034920 ,0.0220820 ,0.3235470 ,0.4245920 ,0.0498580 ,0.1330870 ,0.0052830 ,0.1330870 ,0.2068740 ,0.1630750 ,0.1630750 ,0.1758150 ,0.0220820 ,0.3235470 ,0.0069620 ,0.0030420 ,0.0367620 ,0.1330870 ,0.0011580 ,0.0079910 ,0.0367620 ,0.0280130 ,0.0220820 ,0.2068740 ,0.0079910 ,0.0034920 ,1.0000000 ,0.0040090 ,0.0218280 ,0.4245920 ,0.0280130 ,0.0367620 ,0.0180220 ,0.0367620 ,0.2068740 ,0.0040090 ,0.0280130 ,0.0052830 ,0.3235470 ,0.0180220 ,0.0052830 ,0.0079910 ,0.0040090 ,0.0220820 ,0.0367620 ,0.0069620 ,0.0069620 ,0.2081460 ,0.0079910 ,0.1330870 ,0.0010090 ,0.0698990 ,0.0280130 ,0.0280130 ,0.0280130 ,0.0280130 ,0.2081460 ,0.0245980 ,0.0040090 ,0.0060640 ,0.0252200 ,0.0280130 ,0.6433220 ,0.1630750 ,0.1630750 ,0.1630750 ,0.1330870 ,0.1124150 ,0.0069620 ,0.0079910 ,0.0079910 ,0.0079910 ,0.0079910 
0.0726820 ,1.0000000 ,1.0000000 ,0.1909420 ,0.3315890 ,0.1909420 ,0.1663320 ,0.1448940 ,0.0834360 ,0.0060640 ,0.2191930 ,0.0364590 ,0.0005810 ,0.0060640 ,0.2888520 ,0.1909420 ,0.0317600 ,0.1663320 ,0.1909420 ,0.1909420 ,1.0000000 ,0.1448940 ,0.3806500 ,0.0002210 ,0.0957800 ,0.3315890 ,1.0000000 ,0.3806500 ,0.1448940 ,0.0317600 ,0.3315890 ,0.3806500 ,0.0957800 ,0.0418530 ,1.0000000 ,1.0000000 ,0.0726820 ,0.1909420 ,1.0000000 ,1.0000000 ,0.1262190 ,0.1909420 ,0.2888520 ,0.3806500 ,1.0000000 ,1.0000000 ,0.0040090 ,1.0000000 ,0.2516230 ,0.2888520 ,0.2888520 ,0.3315890 ,0.2191930 ,0.2191930 ,0.3806500 ,1.0000000 ,0.1099520 ,1.0000000 ,0.3806500 ,0.1448940 ,1.0000000 ,1.0000000 ,1.0000000 ,0.1448940 ,0.3315890 ,1.0000000 ,1.0000000 ,0.0726820 ,1.0000000 ,0.1448940 ,1.0000000 ,0.3806500 ,0.3806500 ,0.3806500 ,0.2516230 ,0.2191930 ,0.2191930 ,0.3806500 ,1.0000000 ,1.0000000 ,0.3806500 ,0.2191930 ,0.1262190 ,0.2888520 ,0.3806500 ,0.3806500 ,0.3806500 ,0.3806500 ,1.0000000 ,1.0000000 ,1.0000000 ,1.0000000 ,1.0000000 
0.0218280 ,0.2516230 ,0.2888520 ,0.0367570 ,0.0724190 ,0.2516230 ,0.0250850 ,0.3214950 ,0.0367570 ,0.0250850 ,0.0892680 ,0.0480450 ,0.0367570 ,0.0250850 ,0.0609200 ,0.1142430 ,0.0250850 ,0.2191930 ,0.2101590 ,0.0218280 ,0.2191930 ,0.0609200 ,0.0298200 ,0.0367570 ,0.0470410 ,0.0218280 ,0.3315890 ,0.0218280 ,0.0298200 ,0.0250850 ,0.0250850 ,0.0195760 ,0.0609200 ,0.0298200 ,0.4369690 ,0.1909420 ,0.0367570 ,0.0218280 ,0.0726820 ,0.5016210 ,0.0892680 ,0.0298200 ,0.0609200 ,0.0298200 ,0.5016210 ,0.2191930 ,0.0218280 ,0.2516230 ,1.0000000 ,0.0367570 ,0.0724190 ,0.0367570 ,0.0530110 ,0.0367570 ,0.0298200 ,0.2516230 ,0.0724190 ,0.3315890 ,0.0298200 ,0.0530110 ,0.3315890 ,0.5016210 ,0.2516230 ,0.0609200 ,0.0892680 ,0.4369690 ,0.4369690 ,0.0218280 ,0.5016210 ,0.0218280 ,0.0633140 ,0.1518980 ,0.1332750 ,0.0724190 ,0.0724190 ,0.0724190 ,0.0218280 ,0.0652360 ,0.2516230 ,0.3806500 ,0.0587600 ,0.0298200 ,0.0367570 ,0.0250850 ,0.0250850 ,0.0250850 ,0.0218280 ,0.0195760 ,0.4369690 ,0.5016210 ,0.5016210 ,0.5016210 ,0.5016210 
0.2714810 ,0.2888520 ,0.3315890 ,0.4219990 ,0.0476200 ,0.2888520 ,0.3040510 ,0.0545140 ,0.4219990 ,0.3040510 ,0.0571440 ,0.0551540 ,0.4219990 ,0.4755310 ,0.0411720 ,0.0714300 ,0.7205020 ,0.2516230 ,0.1282500 ,0.2714810 ,0.2516230 ,0.0411720 ,0.5499990 ,0.6599990 ,0.0714300 ,0.2714810 ,0.3806500 ,0.2714810 ,0.3516650 ,0.3040510 ,0.3040510 ,0.3895000 ,0.0411720 ,0.8333330 ,0.5016210 ,0.2191930 ,0.0571440 ,0.2714810 ,0.0834360 ,0.5758380 ,0.0571440 ,0.0476200 ,0.0411720 ,0.3516650 ,0.5758380 ,0.2516230 ,0.4245920 ,0.2888520 ,0.0367570 ,1.0000000 ,0.0476200 ,0.0571440 ,0.0367620 ,0.0571440 ,0.3516650 ,0.2888520 ,0.0476200 ,0.3806500 ,0.5499990 ,0.0367620 ,0.3806500 ,0.5758380 ,0.2888520 ,0.0411720 ,0.0571440 ,0.5016210 ,0.5016210 ,0.4245920 ,0.5758380 ,0.2714810 ,0.0726820 ,0.0933600 ,0.0476200 ,0.0476200 ,0.0476200 ,0.0476200 ,0.4245920 ,0.0415970 ,0.2888520 ,0.4369690 ,0.0386710 ,0.0476200 ,0.6599990 ,0.3040510 ,0.3040510 ,0.3040510 ,0.2714810 ,0.2490440 ,0.5016210 ,0.5758380 ,0.5758380 ,0.5758380 ,0.5758380 
0.0280130 ,0.2888520 ,0.3315890 ,0.0476200 ,0.4442300 ,0.2888520 ,0.0322590 ,0.1142430 ,0.0476200 ,0.0322590 ,0.1156480 ,0.0551540 ,0.0476200 ,0.0322590 ,0.0783420 ,0.1489770 ,0.0322590 ,0.2516230 ,0.5174150 ,0.0280130 ,0.2516230 ,0.0783420 ,0.0384620 ,0.0476200 ,0.0613430 ,0.0280130 ,0.3806500 ,0.0280130 ,0.0384620 ,0.0322590 ,0.0322590 ,0.0250880 ,0.0783420 ,0.0384620 ,0.5016210 ,0.2191930 ,0.0476200 ,0.0280130 ,0.0834360 ,0.5758380 ,0.8333330 ,0.0384620 ,0.3725800 ,0.0384620 ,0.5758380 ,0.2516230 ,0.0280130 ,0.2888520 ,0.0724190 ,0.0476200 ,1.0000000 ,0.0476200 ,0.3235470 ,0.0476200 ,0.0384620 ,0.2888520 ,0.0934080 ,0.3806500 ,0.0384620 ,0.0680320 ,0.3806500 ,0.5758380 ,0.2888520 ,0.3725800 ,0.5499990 ,0.5016210 ,0.5016210 ,0.0280130 ,0.5758380 ,0.0280130 ,0.0726820 ,0.3681840 ,0.0934080 ,0.0934080 ,0.4442300 ,0.0934080 ,0.0280130 ,0.1505250 ,0.2888520 ,0.4369690 ,0.1250920 ,0.0384620 ,0.0476200 ,0.0322590 ,0.0322590 ,0.0322590 ,0.0280130 ,0.0250880 ,0.5016210 ,0.5758380 ,0.5758380 ,0.5758380 ,0.5758380 
0.0367620 ,0.3315890 ,0.3806500 ,0.0571440 ,0.0476200 ,0.3315890 ,0.0411720 ,0.0545140 ,0.0571440 ,0.0411720 ,0.0571440 ,0.0834360 ,0.0571440 ,0.0411720 ,0.0411720 ,0.0714300 ,0.0411720 ,0.2888520 ,0.1282500 ,0.0367620 ,0.2888520 ,0.0411720 ,0.0476200 ,0.0571440 ,0.0714300 ,0.0367620 ,0.4369690 ,0.0367620 ,0.0476200 ,0.0411720 ,0.0411720 ,0.0337240 ,0.0411720 ,0.0476200 ,0.5758380 ,0.2516230 ,0.0571440 ,0.0367620 ,0.0957800 ,0.6610360 ,0.0571440 ,0.8333330 ,0.0411720 ,0.0476200 ,0.6610360 ,0.2888520 ,0.0367620 ,0.3315890 ,0.0367570 ,0.0571440 ,0.0476200 ,1.0000000 ,0.0367620 ,0.0571440 ,0.0476200 ,0.3315890 ,0.0476200 ,0.4369690 ,0.0476200 ,0.0367620 ,0.4369690 ,0.6610360 ,0.3315890 ,0.0411720 ,0.0571440 ,0.5758380 ,0.5758380 ,0.0367620 ,0.6610360 ,0.0367620 ,0.0834360 ,0.0933600 ,0.0476200 ,0.0476200 ,0.0476200 ,0.0476200 ,0.0367620 ,0.0415970 ,0.3315890 ,0.5016210 ,0.0386710 ,0.0476200 ,0.0571440 ,0.0411720 ,0.0411720 ,0.0411720 ,0.0367620 ,0.0337240 ,0.5758380 ,0.6610360 ,0.6610360 ,0.6610360 ,0.6610360 
0.0180220 ,0.2191930 ,0.2516230 ,0.0367620 ,0.3235470 ,0.2191930 ,0.0220820 ,0.0933640 ,0.0367620 ,0.0220820 ,0.0892790 ,0.0418530 ,0.0367620 ,0.0220820 ,0.0536290 ,0.1210840 ,0.0220820 ,0.1909420 ,0.4542090 ,0.0180220 ,0.1909420 ,0.0536290 ,0.0280130 ,0.0367620 ,0.0498580 ,0.0180220 ,0.2888520 ,0.0180220 ,0.0280130 ,0.0220820 ,0.0220820 ,0.0152220 ,0.0536290 ,0.0280130 ,0.3806500 ,0.1663320 ,0.0367620 ,0.0180220 ,0.0633140 ,0.4369690 ,0.4245920 ,0.0280130 ,0.2550470 ,0.0280130 ,0.4369690 ,0.1909420 ,0.0180220 ,0.2191930 ,0.0530110 ,0.0367620 ,0.3235470 ,0.0367620 ,1.0000000 ,0.0367620 ,0.0280130 ,0.2191930 ,0.0680320 ,0.2888520 ,0.0280130 ,0.0437670 ,0.2888520 ,0.4369690 ,0.2191930 ,0.2550470 ,0.4245920 ,0.3806500 ,0.3806500 ,0.0180220 ,0.4369690 ,0.0180220 ,0.0551540 ,0.3124050 ,0.0680320 ,0.0680320 ,0.3235470 ,0.0680320 ,0.0180220 ,0.1099380 ,0.2191930 ,0.3315890 ,0.0931720 ,0.0280130 ,0.0367620 ,0.0220820 ,0.0220820 ,0.0220820 ,0.0180220 ,0.0152220 ,0.3806500 ,0.4369690 ,0.4369690 ,0.4369690 ,0.4369690 
0.0367620 ,0.2191930 ,0.2516230 ,0.0571440 ,0.0476200 ,0.2191930 ,0.0411720 ,0.0545140 ,0.0571440 ,0.0411720 ,0.0571440 ,0.0418530 ,0.0571440 ,0.0411720 ,0.0411720 ,0.0714300 ,0.0411720 ,0.1909420 ,0.1282500 ,0.0367620 ,0.1909420 ,0.0411720 ,0.0476200 ,0.0571440 ,0.8250000 ,0.0367620 ,0.2888520 ,0.0367620 ,0.0476200 ,0.0411720 ,0.0411720 ,0.0337240 ,0.0411720 ,0.0476200 ,0.3806500 ,0.1663320 ,1.0000000 ,0.0367620 ,0.0633140 ,0.4369690 ,0.0571440 ,0.0476200 ,0.0411720 ,0.0476200 ,0.4369690 ,0.1909420 ,0.0367620 ,0.2191930 ,0.0367570 ,0.0571440 ,0.0476200 ,0.0571440 ,0.0367620 ,1.0000000 ,0.0476200 ,0.2191930 ,0.0476200 ,0.2888520 ,0.0476200 ,0.0367620 ,0.2888520 ,0.4369690 ,0.2191930 ,0.0411720 ,0.0571440 ,0.3806500 ,0.3806500 ,0.0367620 ,0.4369690 ,0.0367620 ,0.0551540 ,0.0933600 ,0.0476200 ,0.0476200 ,0.0476200 ,0.0476200 ,0.0367620 ,0.0415970 ,0.2191930 ,0.3315890 ,0.0386710 ,0.0476200 ,0.0571440 ,0.0411720 ,0.0411720 ,0.0411720 ,0.0367620 ,0.0337240 ,0.3806500 ,0.4369690 ,0.4369690 ,0.4369690 ,0.4369690 
0.2068740 ,0.3806500 ,0.4369690 ,0.3516650 ,0.0384620 ,0.3806500 ,0.2382250 ,0.0470410 ,0.3516650 ,0.2382250 ,0.0476200 ,0.0726820 ,0.8333330 ,0.2382250 ,0.0322590 ,0.0613430 ,0.2382250 ,0.3315890 ,0.1157690 ,0.2068740 ,0.3315890 ,0.0322590 ,0.2840370 ,0.3516650 ,0.0613430 ,0.2068740 ,0.5016210 ,0.2068740 ,0.2840370 ,0.2382250 ,0.2382250 ,0.1852690 ,0.0322590 ,0.2840370 ,0.6610360 ,0.2888520 ,0.0476200 ,0.2068740 ,0.1099520 ,0.7588400 ,0.0476200 ,0.0384620 ,0.0322590 ,0.2840370 ,0.7588400 ,0.3315890 ,0.2068740 ,0.3806500 ,0.0298200 ,0.3516650 ,0.0384620 ,0.0476200 ,0.0280130 ,0.0476200 ,1.0000000 ,0.3806500 ,0.0384620 ,0.5016210 ,0.2840370 ,0.0280130 ,0.5016210 ,0.7588400 ,0.3806500 ,0.0322590 ,0.0476200 ,0.6610360 ,0.6610360 ,0.2068740 ,0.7588400 ,0.2068740 ,0.0957800 ,0.0823790 ,0.0384620 ,0.0384620 ,0.0384620 ,0.0384620 ,0.2068740 ,0.0336790 ,0.3806500 ,0.5758380 ,0.0324310 ,0.0384620 ,0.3516650 ,0.2382250 ,0.2382250 ,0.2382250 ,0.2068740 ,0.1852690 ,0.6610360 ,0.7588400 ,0.7588400 ,0.7588400 ,0.7588400 
0.0726820 ,1.0000000 ,1.0000000 ,0.1909420 ,0.3315890 ,0.1909420 ,0.1663320 ,0.1448940 ,0.0834360 ,0.0060640 ,0.2191930 ,0.0364590 ,0.0005810 ,0.0060640 ,0.2888520 ,0.1909420 ,0.0317600 ,0.1663320 ,0.1909420 ,0.1909420 ,1.0000000 ,0.1448940 ,0.3806500 ,0.0002210 ,0.0957800 ,0.3315890 ,1.0000000 ,0.3806500 ,0.1448940 ,0.0317600 ,0.3315890 ,0.3806500 ,0.0957800 ,0.0418530 ,1.0000000 ,1.0000000 ,0.0726820 ,0.1909420 ,1.0000000 ,1.0000000 ,0.1262190 ,0.1909420 ,0.2888520 ,0.3806500 ,1.0000000 ,1.0000000 ,0.0040090 ,1.0000000 ,0.2516230 ,0.2888520 ,0.2888520 ,0.3315890 ,0.2191930 ,0.2191930 ,0.3806500 ,1.0000000 ,0.1099520 ,1.0000000 ,0.3806500 ,0.1448940 ,1.0000000 ,1.0000000 ,1.0000000 ,0.1448940 ,0.3315890 ,1.0000000 ,1.0000000 ,0.0726820 ,1.0000000 ,0.1448940 ,1.0000000 ,0.3806500 ,0.3806500 ,0.3806500 ,0.2516230 ,0.2191930 ,0.2191930 ,0.3806500 ,1.0000000 ,1.0000000 ,0.3806500 ,0.2191930 ,0.1262190 ,0.2888520 ,0.3806500 ,0.3806500 ,0.3806500 ,0.3806500 ,1.0000000 ,1.0000000 ,1.0000000 ,1.0000000 ,1.0000000 
0.0280130 ,0.1099520 ,0.1262190 ,0.0476200 ,0.0934080 ,0.1099520 ,0.0322590 ,0.1142430 ,0.0476200 ,0.0322590 ,0.1156480 ,0.0209940 ,0.0476200 ,0.0322590 ,0.0783420 ,0.1489770 ,0.0322590 ,0.0957800 ,0.2811530 ,0.0280130 ,0.0957800 ,0.0783420 ,0.0384620 ,0.0476200 ,0.0613430 ,0.0280130 ,0.1448940 ,0.0280130 ,0.0384620 ,0.0322590 ,0.0322590 ,0.0250880 ,0.0783420 ,0.0384620 ,0.1909420 ,0.0834360 ,0.0476200 ,0.0280130 ,0.0317600 ,0.2191930 ,0.1156480 ,0.0384620 ,0.0783420 ,0.0384620 ,0.2191930 ,0.0957800 ,0.0280130 ,0.1099520 ,0.0724190 ,0.0476200 ,0.0934080 ,0.0476200 ,0.0680320 ,0.0476200 ,0.0384620 ,0.1099520 ,1.0000000 ,0.1448940 ,0.0384620 ,0.1252020 ,0.1448940 ,0.2191930 ,0.1099520 ,0.0783420 ,0.1156480 ,0.1909420 ,0.1909420 ,0.0280130 ,0.2191930 ,0.0280130 ,0.0276660 ,0.2000640 ,0.0934080 ,0.4442300 ,0.0934080 ,0.4442300 ,0.0280130 ,0.0817920 ,0.1099520 ,0.1663320 ,0.0705860 ,0.0384620 ,0.0476200 ,0.0322590 ,0.0322590 ,0.0322590 ,0.0280130 ,0.0250880 ,0.1909420 ,0.2191930 ,0.2191930 ,0.2191930 ,0.2191930 
0.0957800 ,1.0000000 ,1.0000000 ,0.2516230 ,0.4369690 ,0.2516230 ,0.2191930 ,0.1909420 ,0.1099520 ,0.0079910 ,0.2888520 ,0.0480450 ,0.0007650 ,0.0079910 ,0.3806500 ,0.2516230 ,0.0418530 ,0.2191930 ,0.2516230 ,0.2516230 ,1.0000000 ,0.1909420 ,0.5016210 ,0.0002910 ,0.1262190 ,0.4369690 ,1.0000000 ,0.5016210 ,0.1909420 ,0.0418530 ,0.4369690 ,0.5016210 ,0.1262190 ,0.0551540 ,1.0000000 ,1.0000000 ,0.0957800 ,0.2516230 ,1.0000000 ,1.0000000 ,0.1663320 ,0.2516230 ,0.3806500 ,0.5016210 ,1.0000000 ,1.0000000 ,0.0052830 ,1.0000000 ,0.3315890 ,0.3806500 ,0.3806500 ,0.4369690 ,0.2888520 ,0.2888520 ,0.5016210 ,1.0000000 ,0.1448940 ,1.0000000 ,0.5016210 ,0.1909420 ,1.0000000 ,1.0000000 ,1.0000000 ,0.1909420 ,0.4369690 ,1.0000000 ,1.0000000 ,0.0957800 ,1.0000000 ,0.1909420 ,1.0000000 ,0.5016210 ,0.5016210 ,0.5016210 ,0.3315890 ,0.2888520 ,0.2888520 ,0.5016210 ,1.0000000 ,1.0000000 ,0.5016210 ,0.2888520 ,0.1663320 ,0.3806500 ,0.5016210 ,0.5016210 ,0.5016210 ,0.5016210 ,1.0000000 ,1.0000000 ,1.0000000 ,1.0000000 ,1.0000000 
0.2068740 ,0.3806500 ,0.4369690 ,0.3516650 ,0.0384620 ,0.3806500 ,0.2382250 ,0.0470410 ,0.3516650 ,0.2382250 ,0.0476200 ,0.0726820 ,0.3516650 ,0.3725800 ,0.0322590 ,0.0613430 ,0.3725800 ,0.3315890 ,0.1157690 ,0.2068740 ,0.3315890 ,0.0322590 ,1.0000000 ,0.5499990 ,0.0613430 ,0.2068740 ,0.5016210 ,0.2068740 ,0.2840370 ,0.2382250 ,0.2382250 ,0.2897580 ,0.0322590 ,0.4442300 ,0.6610360 ,0.2888520 ,0.0476200 ,0.2068740 ,0.1099520 ,0.7588400 ,0.0476200 ,0.0384620 ,0.0322590 ,0.2840370 ,0.7588400 ,0.3315890 ,0.3235470 ,0.3806500 ,0.0298200 ,0.5499990 ,0.0384620 ,0.0476200 ,0.0280130 ,0.0476200 ,0.2840370 ,0.3806500 ,0.0384620 ,0.5016210 ,1.0000000 ,0.0280130 ,0.5016210 ,0.7588400 ,0.3806500 ,0.0322590 ,0.0476200 ,0.6610360 ,0.6610360 ,0.3235470 ,0.7588400 ,0.2068740 ,0.0957800 ,0.0823790 ,0.0384620 ,0.0384620 ,0.0384620 ,0.0384620 ,0.3235470 ,0.0336790 ,0.3806500 ,0.5758380 ,0.0324310 ,0.0384620 ,0.5499990 ,0.2382250 ,0.2382250 ,0.2382250 ,0.2068740 ,0.1852690 ,0.6610360 ,0.7588400 ,0.7588400 ,0.7588400 ,0.7588400 
0.0180220 ,0.1448940 ,0.1663320 ,0.0367620 ,0.0680320 ,0.1448940 ,0.0220820 ,0.0933640 ,0.0367620 ,0.0220820 ,0.0892790 ,0.0276660 ,0.0367620 ,0.0220820 ,0.0536290 ,0.1210840 ,0.0220820 ,0.1262190 ,0.2468080 ,0.0180220 ,0.1262190 ,0.0536290 ,0.0280130 ,0.0367620 ,0.0498580 ,0.0180220 ,0.1909420 ,0.0180220 ,0.0280130 ,0.0220820 ,0.0220820 ,0.0152220 ,0.0536290 ,0.0280130 ,0.2516230 ,0.1099520 ,0.0367620 ,0.0180220 ,0.0418530 ,0.2888520 ,0.0892790 ,0.0280130 ,0.0536290 ,0.0280130 ,0.2888520 ,0.1262190 ,0.0180220 ,0.1448940 ,0.0530110 ,0.0367620 ,0.0680320 ,0.0367620 ,0.0437670 ,0.0367620 ,0.0280130 ,0.1448940 ,0.1252020 ,0.1909420 ,0.0280130 ,1.0000000 ,0.1909420 ,0.2888520 ,0.1448940 ,0.0536290 ,0.0892790 ,0.2516230 ,0.2516230 ,0.0180220 ,0.2888520 ,0.0180220 ,0.0364590 ,0.1697540 ,0.0680320 ,0.1252020 ,0.0680320 ,0.1252020 ,0.0180220 ,0.0597380 ,0.1448940 ,0.2191930 ,0.0532000 ,0.0280130 ,0.0367620 ,0.0220820 ,0.0220820 ,0.0220820 ,0.0180220 ,0.0152220 ,0.2516230 ,0.2888520 ,0.2888520 ,0.2888520 ,0.2888520 
0.0957800 ,1.0000000 ,1.0000000 ,0.2516230 ,0.4369690 ,0.2516230 ,0.2191930 ,0.1909420 ,0.1099520 ,0.0079910 ,0.2888520 ,0.0480450 ,0.0007650 ,0.0079910 ,0.3806500 ,0.2516230 ,0.0418530 ,0.2191930 ,0.2516230 ,0.2516230 ,1.0000000 ,0.1909420 ,0.5016210 ,0.0002910 ,0.1262190 ,0.4369690 ,1.0000000 ,0.5016210 ,0.1909420 ,0.0418530 ,0.4369690 ,0.5016210 ,0.1262190 ,0.0551540 ,1.0000000 ,1.0000000 ,0.0957800 ,0.2516230 ,1.0000000 ,1.0000000 ,0.1663320 ,0.2516230 ,0.3806500 ,0.5016210 ,1.0000000 ,1.0000000 ,0.0052830 ,1.0000000 ,0.3315890 ,0.3806500 ,0.3806500 ,0.4369690 ,0.2888520 ,0.2888520 ,0.5016210 ,1.0000000 ,0.1448940 ,1.0000000 ,0.5016210 ,0.1909420 ,1.0000000 ,1.0000000 ,1.0000000 ,0.1909420 ,0.4369690 ,1.0000000 ,1.0000000 ,0.0957800 ,1.0000000 ,0.1909420 ,1.0000000 ,0.5016210 ,0.5016210 ,0.5016210 ,0.3315890 ,0.2888520 ,0.2888520 ,0.5016210 ,1.0000000 ,1.0000000 ,0.5016210 ,0.2888520 ,0.1663320 ,0.3806500 ,0.5016210 ,0.5016210 ,0.5016210 ,0.5016210 ,1.0000000 ,1.0000000 ,1.0000000 ,1.0000000 ,1.0000000 
0.1448940 ,1.0000000 ,1.0000000 ,0.3806500 ,0.6610360 ,0.3806500 ,0.3315890 ,0.2888520 ,0.1663320 ,0.0120890 ,0.4369690 ,0.0726820 ,0.0011580 ,0.0120890 ,0.5758380 ,0.3806500 ,0.0633140 ,0.3315890 ,0.3806500 ,0.3806500 ,1.0000000 ,0.2888520 ,0.7588400 ,0.0004410 ,0.1909420 ,0.6610360 ,1.0000000 ,0.7588400 ,0.2888520 ,0.0633140 ,0.6610360 ,0.7588400 ,0.1909420 ,0.0834360 ,1.0000000 ,1.0000000 ,0.1448940 ,0.3806500 ,1.0000000 ,1.0000000 ,0.2516230 ,0.3806500 ,0.5758380 ,0.7588400 ,1.0000000 ,1.0000000 ,0.0079910 ,1.0000000 ,0.5016210 ,0.5758380 ,0.5758380 ,0.6610360 ,0.4369690 ,0.4369690 ,0.7588400 ,1.0000000 ,0.2191930 ,1.0000000 ,0.7588400 ,0.2888520 ,1.0000000 ,1.0000000 ,1.0000000 ,0.2888520 ,0.6610360 ,1.0000000 ,1.0000000 ,0.1448940 ,1.0000000 ,0.2888520 ,1.0000000 ,0.7588400 ,0.7588400 ,0.7588400 ,0.5016210 ,0.4369690 ,0.4369690 ,0.7588400 ,1.0000000 ,1.0000000 ,0.7588400 ,0.4369690 ,0.2516230 ,0.5758380 ,0.7588400 ,0.7588400 ,0.7588400 ,0.7588400 ,1.0000000 ,1.0000000 ,1.0000000 ,1.0000000 ,1.0000000 
0.0726820 ,1.0000000 ,1.0000000 ,0.1909420 ,0.3315890 ,0.1909420 ,0.1663320 ,0.1448940 ,0.0834360 ,0.0060640 ,0.2191930 ,0.0364590 ,0.0005810 ,0.0060640 ,0.2888520 ,0.1909420 ,0.0317600 ,0.1663320 ,0.1909420 ,0.1909420 ,1.0000000 ,0.1448940 ,0.3806500 ,0.0002210 ,0.0957800 ,0.3315890 ,1.0000000 ,0.3806500 ,0.1448940 ,0.0317600 ,0.3315890 ,0.3806500 ,0.0957800 ,0.0418530 ,1.0000000 ,1.0000000 ,0.0726820 ,0.1909420 ,1.0000000 ,1.0000000 ,0.1262190 ,0.1909420 ,0.2888520 ,0.3806500 ,1.0000000 ,1.0000000 ,0.0040090 ,1.0000000 ,0.2516230 ,0.2888520 ,0.2888520 ,0.3315890 ,0.2191930 ,0.2191930 ,0.3806500 ,1.0000000 ,0.1099520 ,1.0000000 ,0.3806500 ,0.1448940 ,1.0000000 ,1.0000000 ,1.0000000 ,0.1448940 ,0.3315890 ,1.0000000 ,1.0000000 ,0.0726820 ,1.0000000 ,0.1448940 ,1.0000000 ,0.3806500 ,0.3806500 ,0.3806500 ,0.2516230 ,0.2191930 ,0.2191930 ,0.3806500 ,1.0000000 ,1.0000000 ,0.3806500 ,0.2191930 ,0.1262190 ,0.2888520 ,0.3806500 ,0.3806500 ,0.3806500 ,0.3806500 ,1.0000000 ,1.0000000 ,1.0000000 ,1.0000000 ,1.0000000 
0.0220820 ,0.1448940 ,0.1663320 ,0.0411720 ,0.3725800 ,0.1448940 ,0.0262180 ,0.1018690 ,0.0411720 ,0.0262180 ,0.0999900 ,0.0276660 ,0.0411720 ,0.0262180 ,0.0636720 ,0.1324090 ,0.0262180 ,0.1262190 ,0.4798330 ,0.0220820 ,0.1262190 ,0.0636720 ,0.0322590 ,0.0411720 ,0.0545210 ,0.0220820 ,0.1909420 ,0.0220820 ,0.0322590 ,0.0262180 ,0.0262180 ,0.0192320 ,0.0636720 ,0.0322590 ,0.2516230 ,0.1099520 ,0.0411720 ,0.0220820 ,0.0418530 ,0.2888520 ,0.4755310 ,0.0322590 ,0.3028080 ,0.0322590 ,0.2888520 ,0.1262190 ,0.0220820 ,0.1448940 ,0.0609200 ,0.0411720 ,0.3725800 ,0.0411720 ,0.2550470 ,0.0411720 ,0.0322590 ,0.1448940 ,0.0783420 ,0.1909420 ,0.0322590 ,0.0536290 ,0.1909420 ,0.2888520 ,0.1448940 ,1.0000000 ,0.4755310 ,0.2516230 ,0.2516230 ,0.0220820 ,0.2888520 ,0.0220820 ,0.0364590 ,0.3350400 ,0.0783420 ,0.0783420 ,0.3725800 ,0.0783420 ,0.0220820 ,0.1264560 ,0.1448940 ,0.2191930 ,0.1061940 ,0.0322590 ,0.0411720 ,0.0262180 ,0.0262180 ,0.0262180 ,0.0220820 ,0.0192320 ,0.2516230 ,0.2888520 ,0.2888520 ,0.2888520 ,0.2888520 
0.0367620 ,0.3315890 ,0.3806500 ,0.0571440 ,0.8333330 ,0.3315890 ,0.0411720 ,0.1323920 ,0.0571440 ,0.0411720 ,0.1387780 ,0.0633140 ,0.0571440 ,0.0411720 ,0.0999900 ,0.1734730 ,0.0411720 ,0.2888520 ,0.5731970 ,0.0367620 ,0.2888520 ,0.0999900 ,0.0476200 ,0.0571440 ,0.0714300 ,0.0367620 ,0.4369690 ,0.0367620 ,0.0476200 ,0.0411720 ,0.0411720 ,0.0337240 ,0.0999900 ,0.0476200 ,0.5758380 ,0.2516230 ,0.0571440 ,0.0367620 ,0.0957800 ,0.6610360 ,0.6599990 ,0.0476200 ,0.4755310 ,0.0476200 ,0.6610360 ,0.2888520 ,0.0367620 ,0.3315890 ,0.0892680 ,0.0571440 ,0.5499990 ,0.0571440 ,0.4245920 ,0.0571440 ,0.0476200 ,0.3315890 ,0.1156480 ,0.4369690 ,0.0476200 ,0.0892790 ,0.4369690 ,0.6610360 ,0.3315890 ,0.4755310 ,1.0000000 ,0.5758380 ,0.5758380 ,0.0367620 ,0.6610360 ,0.0367620 ,0.0834360 ,0.4172630 ,0.1156480 ,0.1156480 ,0.8333330 ,0.1156480 ,0.0367620 ,0.1859110 ,0.3315890 ,0.5016210 ,0.1527110 ,0.0476200 ,0.0571440 ,0.0411720 ,0.0411720 ,0.0411720 ,0.0367620 ,0.0337240 ,0.5758380 ,0.6610360 ,0.6610360 ,0.6610360 ,0.6610360 
0.1262190 ,1.0000000 ,1.0000000 ,0.3315890 ,0.5758380 ,0.3315890 ,0.2888520 ,0.2516230 ,0.1448940 ,0.0105310 ,0.3806500 ,0.0633140 ,0.0010090 ,0.0105310 ,0.5016210 ,0.3315890 ,0.0551540 ,0.2888520 ,0.3315890 ,0.3315890 ,1.0000000 ,0.2516230 ,0.6610360 ,0.0003840 ,0.1663320 ,0.5758380 ,1.0000000 ,0.6610360 ,0.2516230 ,0.0551540 ,0.5758380 ,0.6610360 ,0.1663320 ,0.0726820 ,1.0000000 ,1.0000000 ,0.1262190 ,0.3315890 ,1.0000000 ,1.0000000 ,0.2191930 ,0.3315890 ,0.5016210 ,0.6610360 ,1.0000000 ,1.0000000 ,0.0069620 ,1.0000000 ,0.4369690 ,0.5016210 ,0.5016210 ,0.5758380 ,0.3806500 ,0.3806500 ,0.6610360 ,1.0000000 ,0.1909420 ,1.0000000 ,0.6610360 ,0.2516230 ,1.0000000 ,1.0000000 ,1.0000000 ,0.2516230 ,0.5758380 ,1.0000000 ,1.0000000 ,0.1262190 ,1.0000000 ,0.2516230 ,1.0000000 ,0.6610360 ,0.6610360 ,0.6610360 ,0.4369690 ,0.3806500 ,0.3806500 ,0.6610360 ,1.0000000 ,1.0000000 ,0.6610360 ,0.3806500 ,0.2191930 ,0.5016210 ,0.6610360 ,0.6610360 ,0.6610360 ,0.6610360 ,1.0000000 ,1.0000000 ,1.0000000 ,1.0000000 ,1.0000000 
0.1262190 ,1.0000000 ,1.0000000 ,0.3315890 ,0.5758380 ,0.3315890 ,0.3806500 ,0.2516230 ,0.1448940 ,0.0105310 ,0.3806500 ,0.0633140 ,0.0013290 ,0.0105310 ,0.5016210 ,0.3315890 ,0.0551540 ,0.2888520 ,0.3315890 ,0.3315890 ,1.0000000 ,0.2516230 ,0.6610360 ,0.0003840 ,0.1663320 ,0.5758380 ,1.0000000 ,0.6610360 ,0.2516230 ,0.0551540 ,0.5758380 ,0.6610360 ,0.1663320 ,0.0726820 ,1.0000000 ,1.0000000 ,0.1262190 ,0.3315890 ,1.0000000 ,1.0000000 ,0.2191930 ,0.3315890 ,0.5016210 ,0.6610360 ,1.0000000 ,1.0000000 ,0.0069620 ,1.0000000 ,0.4369690 ,0.5016210 ,0.5016210 ,0.5758380 ,0.3806500 ,0.3806500 ,0.6610360 ,1.0000000 ,0.1909420 ,1.0000000 ,0.6610360 ,0.2516230 ,1.0000000 ,1.0000000 ,1.0000000 ,0.2516230 ,0.5758380 ,1.0000000 ,1.0000000 ,0.1262190 ,1.0000000 ,0.2516230 ,1.0000000 ,0.6610360 ,0.6610360 ,0.6610360 ,0.4369690 ,0.3806500 ,0.3806500 ,0.6610360 ,1.0000000 ,1.0000000 ,0.6610360 ,0.3806500 ,0.2191930 ,0.5016210 ,0.6610360 ,0.6610360 ,0.6610360 ,0.6610360 ,1.0000000 ,1.0000000 ,1.0000000 ,1.0000000 ,1.0000000 
0.1330870 ,0.0726820 ,0.0834360 ,0.2714810 ,0.0280130 ,0.0726820 ,0.1630750 ,0.0384440 ,0.2714810 ,0.1630750 ,0.0367620 ,0.0138780 ,0.2714810 ,0.3864350 ,0.0220820 ,0.0498580 ,0.2550470 ,0.0633140 ,0.1016270 ,0.1330870 ,0.0633140 ,0.0220820 ,0.3235470 ,0.4245920 ,0.0498580 ,0.1330870 ,0.0957800 ,0.1330870 ,0.2068740 ,0.1630750 ,0.1630750 ,0.1758150 ,0.0220820 ,0.3235470 ,0.1262190 ,0.0551540 ,0.0367620 ,0.1330870 ,0.0209940 ,0.1448940 ,0.0367620 ,0.0280130 ,0.0220820 ,0.2068740 ,0.1448940 ,0.0633140 ,0.2081460 ,0.0726820 ,0.0218280 ,0.4245920 ,0.0280130 ,0.0367620 ,0.0180220 ,0.0367620 ,0.2068740 ,0.0726820 ,0.0280130 ,0.0957800 ,0.3235470 ,0.0180220 ,0.0957800 ,0.1448940 ,0.0726820 ,0.0220820 ,0.0367620 ,0.1262190 ,0.1262190 ,1.0000000 ,0.1448940 ,0.1330870 ,0.0182880 ,0.0698990 ,0.0280130 ,0.0280130 ,0.0280130 ,0.0280130 ,0.3153730 ,0.0245980 ,0.0726820 ,0.1099520 ,0.0252200 ,0.0280130 ,0.4245920 ,0.1630750 ,0.1630750 ,0.1630750 ,0.1330870 ,0.1124150 ,0.1262190 ,0.1448940 ,0.1448940 ,0.1448940 ,0.1448940 
0.1448940 ,1.0000000 ,1.0000000 ,0.3806500 ,0.6610360 ,0.3806500 ,0.3315890 ,0.2888520 ,0.1663320 ,0.0120890 ,0.4369690 ,0.0726820 ,0.0011580 ,0.0120890 ,0.5758380 ,0.3806500 ,0.0633140 ,0.3315890 ,0.3806500 ,0.3806500 ,1.0000000 ,0.2888520 ,0.7588400 ,0.0004410 ,0.1909420 ,0.6610360 ,1.0000000 ,0.7588400 ,0.2888520 ,0.0633140 ,0.6610360 ,0.7588400 ,0.1909420 ,0.0834360 ,1.0000000 ,1.0000000 ,0.1448940 ,0.3806500 ,1.0000000 ,1.0000000 ,0.2516230 ,0.3806500 ,0.5758380 ,0.7588400 ,1.0000000 ,1.0000000 ,0.0079910 ,1.0000000 ,0.5016210 ,0.5758380 ,0.5758380 ,0.6610360 ,0.4369690 ,0.4369690 ,0.7588400 ,1.0000000 ,0.2191930 ,1.0000000 ,0.7588400 ,0.2888520 ,1.0000000 ,1.0000000 ,1.0000000 ,0.2888520 ,0.6610360 ,1.0000000 ,1.0000000 ,0.1448940 ,1.0000000 ,0.2888520 ,1.0000000 ,0.7588400 ,0.7588400 ,0.7588400 ,0.5016210 ,0.4369690 ,0.4369690 ,0.7588400 ,1.0000000 ,1.0000000 ,0.7588400 ,0.4369690 ,0.2516230 ,0.5758380 ,0.7588400 ,0.7588400 ,0.7588400 ,0.7588400 ,1.0000000 ,1.0000000 ,1.0000000 ,1.0000000 ,1.0000000 
0.1330870 ,0.1448940 ,0.1663320 ,0.2714810 ,0.0280130 ,0.1448940 ,0.1630750 ,0.0384440 ,0.2714810 ,0.1630750 ,0.0367620 ,0.0276660 ,0.2714810 ,0.1630750 ,0.0220820 ,0.0498580 ,0.1630750 ,0.1262190 ,0.1016270 ,0.1330870 ,0.1262190 ,0.0220820 ,0.2068740 ,0.2714810 ,0.0498580 ,0.1330870 ,0.1909420 ,0.1330870 ,0.7283320 ,0.1630750 ,0.3864350 ,0.1124150 ,0.0220820 ,0.2068740 ,0.2516230 ,0.1099520 ,0.0367620 ,0.1330870 ,0.0418530 ,0.2888520 ,0.0367620 ,0.0280130 ,0.0220820 ,0.3235470 ,0.2888520 ,0.1262190 ,0.1330870 ,0.1448940 ,0.0218280 ,0.2714810 ,0.0280130 ,0.0367620 ,0.0180220 ,0.0367620 ,0.2068740 ,0.1448940 ,0.0280130 ,0.1909420 ,0.2068740 ,0.0180220 ,0.1909420 ,0.2888520 ,0.1448940 ,0.0220820 ,0.0367620 ,0.2516230 ,0.2516230 ,0.1330870 ,0.2888520 ,1.0000000 ,0.0364590 ,0.0698990 ,0.0280130 ,0.0280130 ,0.0280130 ,0.0280130 ,0.1330870 ,0.0245980 ,0.1448940 ,0.2191930 ,0.0252200 ,0.0280130 ,0.2714810 ,0.1630750 ,0.1630750 ,0.1630750 ,0.2081460 ,0.1124150 ,0.2516230 ,0.2888520 ,0.2888520 ,0.2888520 ,0.2888520 
0.0182880 ,1.0000000 ,1.0000000 ,0.0480450 ,0.0834360 ,0.0480450 ,0.0418530 ,0.0364590 ,0.0209940 ,0.0015260 ,0.0551540 ,0.0091740 ,0.0001460 ,0.0015260 ,0.0726820 ,0.0480450 ,0.0079910 ,0.0418530 ,0.0480450 ,0.0480450 ,1.0000000 ,0.0364590 ,0.0957800 ,0.0000560 ,0.0241010 ,0.0834360 ,1.0000000 ,0.0957800 ,0.0364590 ,0.0079910 ,0.0834360 ,0.0957800 ,0.0241010 ,0.0105310 ,1.0000000 ,1.0000000 ,0.0182880 ,0.0480450 ,1.0000000 ,1.0000000 ,0.0317600 ,0.0480450 ,0.0726820 ,0.0957800 ,1.0000000 ,1.0000000 ,0.0010090 ,1.0000000 ,0.0633140 ,0.0726820 ,0.0726820 ,0.0834360 ,0.0551540 ,0.0551540 ,0.0957800 ,1.0000000 ,0.0276660 ,1.0000000 ,0.0957800 ,0.0364590 ,1.0000000 ,1.0000000 ,1.0000000 ,0.0364590 ,0.0834360 ,1.0000000 ,1.0000000 ,0.0182880 ,1.0000000 ,0.0364590 ,1.0000000 ,0.0957800 ,0.0957800 ,0.0957800 ,0.0633140 ,0.0551540 ,0.0551540 ,0.0957800 ,1.0000000 ,1.0000000 ,0.0957800 ,0.0551540 ,0.0317600 ,0.0726820 ,0.0957800 ,0.0957800 ,0.0957800 ,0.0957800 ,1.0000000 ,1.0000000 ,1.0000000 ,1.0000000 ,1.0000000 
0.0698990 ,0.3806500 ,0.4369690 ,0.0933600 ,0.3681840 ,0.3806500 ,0.0749630 ,0.2000370 ,0.0933600 ,0.0749630 ,0.2267320 ,0.0726820 ,0.0933600 ,0.0749630 ,0.1820540 ,0.2668820 ,0.0749630 ,0.3315890 ,0.7882700 ,0.0698990 ,0.3315890 ,0.1820540 ,0.0823790 ,0.0933600 ,0.1098920 ,0.0698990 ,0.5016210 ,0.0698990 ,0.0823790 ,0.0749630 ,0.0749630 ,0.0664140 ,0.1820540 ,0.0823790 ,0.6610360 ,0.2888520 ,0.0933600 ,0.0698990 ,0.1099520 ,0.7588400 ,0.4172630 ,0.0823790 ,0.3350400 ,0.0823790 ,0.7588400 ,0.3315890 ,0.0698990 ,0.3806500 ,0.1518980 ,0.0933600 ,0.3681840 ,0.0933600 ,0.3124050 ,0.0933600 ,0.0823790 ,0.3806500 ,0.2000640 ,0.5016210 ,0.0823790 ,0.1697540 ,0.5016210 ,0.7588400 ,0.3806500 ,0.3350400 ,0.4172630 ,0.6610360 ,0.6610360 ,0.0698990 ,0.7588400 ,0.0698990 ,0.0957800 ,1.0000000 ,0.2000640 ,0.2000640 ,0.3681840 ,0.2000640 ,0.0698990 ,0.5265450 ,0.3806500 ,0.5758380 ,0.4167280 ,0.0823790 ,0.0933600 ,0.0749630 ,0.0749630 ,0.0749630 ,0.0698990 ,0.0664140 ,0.6610360 ,0.7588400 ,0.7588400 ,0.7588400 ,0.7588400 
0.0280130 ,0.3806500 ,0.4369690 ,0.0476200 ,0.0934080 ,0.3806500 ,0.0322590 ,0.1142430 ,0.0476200 ,0.0322590 ,0.1156480 ,0.0726820 ,0.0476200 ,0.0322590 ,0.0783420 ,0.1489770 ,0.0322590 ,0.3315890 ,0.2811530 ,0.0280130 ,0.3315890 ,0.0783420 ,0.0384620 ,0.0476200 ,0.0613430 ,0.0280130 ,0.5016210 ,0.0280130 ,0.0384620 ,0.0322590 ,0.0322590 ,0.0250880 ,0.0783420 ,0.0384620 ,0.6610360 ,0.2888520 ,0.0476200 ,0.0280130 ,0.1099520 ,0.7588400 ,0.1156480 ,0.0384620 ,0.0783420 ,0.0384620 ,0.7588400 ,0.3315890 ,0.0280130 ,0.3806500 ,0.1332750 ,0.0476200 ,0.0934080 ,0.0476200 ,0.0680320 ,0.0476200 ,0.0384620 ,0.3806500 ,0.0934080 ,0.5016210 ,0.0384620 ,0.0680320 ,0.5016210 ,0.7588400 ,0.3806500 ,0.0783420 ,0.1156480 ,0.6610360 ,0.6610360 ,0.0280130 ,0.7588400 ,0.0280130 ,0.0957800 ,0.2000640 ,1.0000000 ,0.0934080 ,0.0934080 ,0.0934080 ,0.0280130 ,0.0817920 ,0.3806500 ,0.5758380 ,0.0705860 ,0.0384620 ,0.0476200 ,0.0322590 ,0.0322590 ,0.0322590 ,0.0280130 ,0.0250880 ,0.6610360 ,0.7588400 ,0.7588400 ,0.7588400 ,0.7588400 
0.0280130 ,0.3806500 ,0.4369690 ,0.0476200 ,0.0934080 ,0.3806500 ,0.0322590 ,0.1142430 ,0.0476200 ,0.0322590 ,0.1156480 ,0.0726820 ,0.0476200 ,0.0322590 ,0.0783420 ,0.1489770 ,0.0322590 ,0.3315890 ,0.2811530 ,0.0280130 ,0.3315890 ,0.0783420 ,0.0384620 ,0.0476200 ,0.0613430 ,0.0280130 ,0.5016210 ,0.0280130 ,0.0384620 ,0.0322590 ,0.0322590 ,0.0250880 ,0.0783420 ,0.0384620 ,0.6610360 ,0.2888520 ,0.0476200 ,0.0280130 ,0.1099520 ,0.7588400 ,0.1156480 ,0.0384620 ,0.0783420 ,0.0384620 ,0.7588400 ,0.3315890 ,0.0280130 ,0.3806500 ,0.0724190 ,0.0476200 ,0.0934080 ,0.0476200 ,0.0680320 ,0.0476200 ,0.0384620 ,0.3806500 ,0.4442300 ,0.5016210 ,0.0384620 ,0.1252020 ,0.5016210 ,0.7588400 ,0.3806500 ,0.0783420 ,0.1156480 ,0.6610360 ,0.6610360 ,0.0280130 ,0.7588400 ,0.0280130 ,0.0957800 ,0.2000640 ,0.0934080 ,1.0000000 ,0.0934080 ,0.4442300 ,0.0280130 ,0.0817920 ,0.3806500 ,0.5758380 ,0.0705860 ,0.0384620 ,0.0476200 ,0.0322590 ,0.0322590 ,0.0322590 ,0.0280130 ,0.0250880 ,0.6610360 ,0.7588400 ,0.7588400 ,0.7588400 ,0.7588400 
0.0280130 ,0.2516230 ,0.2888520 ,0.0476200 ,0.6730760 ,0.2516230 ,0.0322590 ,0.1142430 ,0.0476200 ,0.0322590 ,0.1156480 ,0.0480450 ,0.0476200 ,0.0322590 ,0.0783420 ,0.1489770 ,0.0322590 ,0.2191930 ,0.5174150 ,0.0280130 ,0.2191930 ,0.0783420 ,0.0384620 ,0.0476200 ,0.0613430 ,0.0280130 ,0.3315890 ,0.0280130 ,0.0384620 ,0.0322590 ,0.0322590 ,0.0250880 ,0.0783420 ,0.0384620 ,0.4369690 ,0.1909420 ,0.0476200 ,0.0280130 ,0.0726820 ,0.5016210 ,0.5499990 ,0.0384620 ,0.3725800 ,0.0384620 ,0.5016210 ,0.2191930 ,0.0280130 ,0.2516230 ,0.0724190 ,0.0476200 ,0.4442300 ,0.0476200 ,0.3235470 ,0.0476200 ,0.0384620 ,0.2516230 ,0.0934080 ,0.3315890 ,0.0384620 ,0.0680320 ,0.3315890 ,0.5016210 ,0.2516230 ,0.3725800 ,0.8333330 ,0.4369690 ,0.4369690 ,0.0280130 ,0.5016210 ,0.0280130 ,0.0633140 ,0.3681840 ,0.0934080 ,0.0934080 ,1.0000000 ,0.0934080 ,0.0280130 ,0.1505250 ,0.2516230 ,0.3806500 ,0.1250920 ,0.0384620 ,0.0476200 ,0.0322590 ,0.0322590 ,0.0322590 ,0.0280130 ,0.0250880 ,0.4369690 ,0.5016210 ,0.5016210 ,0.5016210 ,0.5016210 
0.0280130 ,0.2191930 ,0.2516230 ,0.0476200 ,0.0934080 ,0.2191930 ,0.0322590 ,0.1142430 ,0.0476200 ,0.0322590 ,0.1156480 ,0.0418530 ,0.0476200 ,0.0322590 ,0.0783420 ,0.1489770 ,0.0322590 ,0.1909420 ,0.2811530 ,0.0280130 ,0.1909420 ,0.0783420 ,0.0384620 ,0.0476200 ,0.0613430 ,0.0280130 ,0.2888520 ,0.0280130 ,0.0384620 ,0.0322590 ,0.0322590 ,0.0250880 ,0.0783420 ,0.0384620 ,0.3806500 ,0.1663320 ,0.0476200 ,0.0280130 ,0.0633140 ,0.4369690 ,0.1156480 ,0.0384620 ,0.0783420 ,0.0384620 ,0.4369690 ,0.1909420 ,0.0280130 ,0.2191930 ,0.0724190 ,0.0476200 ,0.0934080 ,0.0476200 ,0.0680320 ,0.0476200 ,0.0384620 ,0.2191930 ,0.4442300 ,0.2888520 ,0.0384620 ,0.1252020 ,0.2888520 ,0.4369690 ,0.2191930 ,0.0783420 ,0.1156480 ,0.3806500 ,0.3806500 ,0.0280130 ,0.4369690 ,0.0280130 ,0.0551540 ,0.2000640 ,0.0934080 ,0.4442300 ,0.0934080 ,1.0000000 ,0.0280130 ,0.0817920 ,0.2191930 ,0.3315890 ,0.0705860 ,0.0384620 ,0.0476200 ,0.0322590 ,0.0322590 ,0.0322590 ,0.0280130 ,0.0250880 ,0.3806500 ,0.4369690 ,0.4369690 ,0.4369690 ,0.4369690 
0.1330870 ,0.2191930 ,0.2516230 ,0.2714810 ,0.0280130 ,0.2191930 ,0.1630750 ,0.0384440 ,0.2714810 ,0.1630750 ,0.0367620 ,0.0418530 ,0.2714810 ,0.8422710 ,0.0220820 ,0.0498580 ,0.2550470 ,0.1909420 ,0.1016270 ,0.1330870 ,0.1909420 ,0.0220820 ,0.3235470 ,0.4245920 ,0.0498580 ,0.1330870 ,0.2888520 ,0.1330870 ,0.2068740 ,0.1630750 ,0.1630750 ,0.1758150 ,0.0220820 ,0.3235470 ,0.3806500 ,0.1663320 ,0.0367620 ,0.1330870 ,0.0633140 ,0.4369690 ,0.0367620 ,0.0280130 ,0.0220820 ,0.2068740 ,0.4369690 ,0.1909420 ,0.2081460 ,0.2191930 ,0.0218280 ,0.4245920 ,0.0280130 ,0.0367620 ,0.0180220 ,0.0367620 ,0.2068740 ,0.2191930 ,0.0280130 ,0.2888520 ,0.3235470 ,0.0180220 ,0.2888520 ,0.4369690 ,0.2191930 ,0.0220820 ,0.0367620 ,0.3806500 ,0.3806500 ,0.3153730 ,0.4369690 ,0.1330870 ,0.0551540 ,0.0698990 ,0.0280130 ,0.0280130 ,0.0280130 ,0.0280130 ,1.0000000 ,0.0245980 ,0.2191930 ,0.3315890 ,0.0252200 ,0.0280130 ,0.4245920 ,0.1630750 ,0.1630750 ,0.1630750 ,0.1330870 ,0.1124150 ,0.3806500 ,0.4369690 ,0.4369690 ,0.4369690 ,0.4369690 
0.0245980 ,0.3806500 ,0.4369690 ,0.0415970 ,0.1505250 ,0.3806500 ,0.0282940 ,0.1742380 ,0.0415970 ,0.0282940 ,0.1010200 ,0.0726820 ,0.0415970 ,0.0282940 ,0.0687130 ,0.1296600 ,0.0282940 ,0.3315890 ,0.4439330 ,0.0245980 ,0.3315890 ,0.1091330 ,0.0336790 ,0.0415970 ,0.0533890 ,0.0245980 ,0.5016210 ,0.0245980 ,0.0336790 ,0.0282940 ,0.0282940 ,0.0220460 ,0.1091330 ,0.0336790 ,0.6610360 ,0.2888520 ,0.0415970 ,0.0245980 ,0.1099520 ,0.7588400 ,0.1859110 ,0.0336790 ,0.1264560 ,0.0336790 ,0.7588400 ,0.3315890 ,0.0245980 ,0.3806500 ,0.0652360 ,0.0415970 ,0.1505250 ,0.0415970 ,0.1099380 ,0.0415970 ,0.0336790 ,0.3806500 ,0.0817920 ,0.5016210 ,0.0336790 ,0.0597380 ,0.5016210 ,0.7588400 ,0.3806500 ,0.1264560 ,0.1859110 ,0.6610360 ,0.6610360 ,0.0245980 ,0.7588400 ,0.0245980 ,0.0957800 ,0.5265450 ,0.0817920 ,0.0817920 ,0.1505250 ,0.0817920 ,0.0245980 ,1.0000000 ,0.3806500 ,0.5758380 ,0.6101680 ,0.0336790 ,0.0415970 ,0.0282940 ,0.0282940 ,0.0282940 ,0.0245980 ,0.0220460 ,0.6610360 ,0.7588400 ,0.7588400 ,0.7588400 ,0.7588400 
0.0726820 ,1.0000000 ,1.0000000 ,0.1909420 ,0.3315890 ,0.1909420 ,0.1663320 ,0.1448940 ,0.0834360 ,0.0060640 ,0.2191930 ,0.0364590 ,0.0005810 ,0.0060640 ,0.2888520 ,0.1909420 ,0.0317600 ,0.1663320 ,0.1909420 ,0.1909420 ,1.0000000 ,0.1448940 ,0.3806500 ,0.0002210 ,0.0957800 ,0.3315890 ,1.0000000 ,0.3806500 ,0.1448940 ,0.0317600 ,0.3315890 ,0.3806500 ,0.0957800 ,0.0418530 ,1.0000000 ,1.0000000 ,0.0726820 ,0.1909420 ,1.0000000 ,1.0000000 ,0.1262190 ,0.1909420 ,0.2888520 ,0.3806500 ,1.0000000 ,1.0000000 ,0.0040090 ,1.0000000 ,0.2516230 ,0.2888520 ,0.2888520 ,0.3315890 ,0.2191930 ,0.2191930 ,0.3806500 ,1.0000000 ,0.1099520 ,1.0000000 ,0.3806500 ,0.1448940 ,1.0000000 ,1.0000000 ,1.0000000 ,0.1448940 ,0.3315890 ,1.0000000 ,1.0000000 ,0.0726820 ,1.0000000 ,0.1448940 ,1.0000000 ,0.3806500 ,0.3806500 ,0.3806500 ,0.2516230 ,0.2191930 ,0.2191930 ,0.3806500 ,1.0000000 ,1.0000000 ,0.3806500 ,0.2191930 ,0.1262190 ,0.2888520 ,0.3806500 ,0.3806500 ,0.3806500 ,0.3806500 ,1.0000000 ,1.0000000 ,1.0000000 ,1.0000000 ,1.0000000 
0.1099520 ,1.0000000 ,1.0000000 ,0.2888520 ,0.5016210 ,0.2888520 ,0.2516230 ,0.2191930 ,0.1262190 ,0.0091740 ,0.3315890 ,0.0551540 ,0.0008790 ,0.0091740 ,0.4369690 ,0.2888520 ,0.0480450 ,0.2516230 ,0.2888520 ,0.2888520 ,1.0000000 ,0.2191930 ,0.5758380 ,0.0003340 ,0.1448940 ,0.5016210 ,1.0000000 ,0.5758380 ,0.2191930 ,0.0480450 ,0.5016210 ,0.5758380 ,0.1448940 ,0.0633140 ,1.0000000 ,1.0000000 ,0.1099520 ,0.2888520 ,1.0000000 ,1.0000000 ,0.1909420 ,0.2888520 ,0.4369690 ,0.5758380 ,1.0000000 ,1.0000000 ,0.0060640 ,1.0000000 ,0.3806500 ,0.4369690 ,0.4369690 ,0.5016210 ,0.3315890 ,0.3315890 ,0.5758380 ,1.0000000 ,0.1663320 ,1.0000000 ,0.5758380 ,0.2191930 ,1.0000000 ,1.0000000 ,1.0000000 ,0.2191930 ,0.5016210 ,1.0000000 ,1.0000000 ,0.1099520 ,1.0000000 ,0.2191930 ,1.0000000 ,0.5758380 ,0.5758380 ,0.5758380 ,0.3806500 ,0.3315890 ,0.3315890 ,0.5758380 ,1.0000000 ,1.0000000 ,0.5758380 ,0.3315890 ,0.1909420 ,0.4369690 ,0.5758380 ,0.5758380 ,0.5758380 ,0.5758380 ,1.0000000 ,1.0000000 ,1.0000000 ,1.0000000 ,1.0000000 
0.0252200 ,0.3806500 ,0.4369690 ,0.0386710 ,0.1250920 ,0.3806500 ,0.0281620 ,0.1482800 ,0.0386710 ,0.0281620 ,0.0856280 ,0.0726820 ,0.0386710 ,0.0281620 ,0.0602930 ,0.1078380 ,0.0281620 ,0.3315890 ,0.3483420 ,0.0252200 ,0.3315890 ,0.0924240 ,0.0324310 ,0.0386710 ,0.0478830 ,0.0252200 ,0.5016210 ,0.0252200 ,0.0324310 ,0.0281620 ,0.0281620 ,0.0231830 ,0.0924240 ,0.0324310 ,0.6610360 ,0.2888520 ,0.0386710 ,0.0252200 ,0.1099520 ,0.7588400 ,0.1527110 ,0.0324310 ,0.1061940 ,0.0324310 ,0.7588400 ,0.3315890 ,0.0252200 ,0.3806500 ,0.0587600 ,0.0386710 ,0.1250920 ,0.0386710 ,0.0931720 ,0.0386710 ,0.0324310 ,0.3806500 ,0.0705860 ,0.5016210 ,0.0324310 ,0.0532000 ,0.5016210 ,0.7588400 ,0.3806500 ,0.1061940 ,0.1527110 ,0.6610360 ,0.6610360 ,0.0252200 ,0.7588400 ,0.0252200 ,0.0957800 ,0.4167280 ,0.0705860 ,0.0705860 ,0.1250920 ,0.0705860 ,0.0252200 ,0.6101680 ,0.3806500 ,0.5758380 ,1.0000000 ,0.0324310 ,0.0386710 ,0.0281620 ,0.0281620 ,0.0281620 ,0.0252200 ,0.0231830 ,0.6610360 ,0.7588400 ,0.7588400 ,0.7588400 ,0.7588400 
0.0280130 ,0.2191930 ,0.2516230 ,0.0476200 ,0.0384620 ,0.2191930 ,0.0322590 ,0.0470410 ,0.0476200 ,0.0322590 ,0.0476200 ,0.0418530 ,0.0476200 ,0.0322590 ,0.0322590 ,0.0613430 ,0.0322590 ,0.1909420 ,0.1157690 ,0.0280130 ,0.1909420 ,0.0322590 ,0.0384620 ,0.0476200 ,0.0613430 ,0.0280130 ,0.2888520 ,0.0280130 ,0.0384620 ,0.0322590 ,0.0322590 ,0.0250880 ,0.0322590 ,0.0384620 ,0.3806500 ,0.1663320 ,0.0476200 ,0.0280130 ,0.0633140 ,0.4369690 ,0.0476200 ,0.0384620 ,0.0322590 ,0.0384620 ,0.4369690 ,0.1909420 ,0.0280130 ,0.2191930 ,0.0298200 ,0.0476200 ,0.0384620 ,0.0476200 ,0.0280130 ,0.0476200 ,0.0384620 ,0.2191930 ,0.0384620 ,0.2888520 ,0.0384620 ,0.0280130 ,0.2888520 ,0.4369690 ,0.2191930 ,0.0322590 ,0.0476200 ,0.3806500 ,0.3806500 ,0.0280130 ,0.4369690 ,0.0280130 ,0.0551540 ,0.0823790 ,0.0384620 ,0.0384620 ,0.0384620 ,0.0384620 ,0.0280130 ,0.0336790 ,0.2191930 ,0.3315890 ,0.0324310 ,1.0000000 ,0.0476200 ,0.0322590 ,0.0322590 ,0.0322590 ,0.0280130 ,0.0250880 ,0.3806500 ,0.4369690 ,0.4369690 ,0.4369690 ,0.4369690 
0.2714810 ,0.1262190 ,0.1448940 ,0.4219990 ,0.0476200 ,0.1262190 ,0.3040510 ,0.0545140 ,0.4219990 ,0.3040510 ,0.0571440 ,0.0241010 ,0.4219990 ,0.4755310 ,0.0411720 ,0.0714300 ,0.4755310 ,0.1099520 ,0.1282500 ,0.2714810 ,0.1099520 ,0.0411720 ,0.5499990 ,0.6599990 ,0.0714300 ,0.2714810 ,0.1663320 ,0.2714810 ,0.3516650 ,0.3040510 ,0.3040510 ,0.3895000 ,0.0411720 ,0.5499990 ,0.2191930 ,0.0957800 ,0.0571440 ,0.2714810 ,0.0364590 ,0.2516230 ,0.0571440 ,0.0476200 ,0.0411720 ,0.3516650 ,0.2516230 ,0.1099520 ,0.6433220 ,0.1262190 ,0.0367570 ,0.6599990 ,0.0476200 ,0.0571440 ,0.0367620 ,0.0571440 ,0.3516650 ,0.1262190 ,0.0476200 ,0.1663320 ,0.5499990 ,0.0367620 ,0.1663320 ,0.2516230 ,0.1262190 ,0.0411720 ,0.0571440 ,0.2191930 ,0.2191930 ,0.4245920 ,0.2516230 ,0.2714810 ,0.0317600 ,0.0933600 ,0.0476200 ,0.0476200 ,0.0476200 ,0.0476200 ,0.4245920 ,0.0415970 ,0.1262190 ,0.1909420 ,0.0386710 ,0.0476200 ,1.0000000 ,0.3040510 ,0.3040510 ,0.3040510 ,0.2714810 ,0.2490440 ,0.2191930 ,0.2516230 ,0.2516230 ,0.2516230 ,0.2516230 
0.1630750 ,0.2888520 ,0.3315890 ,0.3040510 ,0.0322590 ,0.2888520 ,0.1936130 ,0.0419460 ,0.3040510 ,0.1936130 ,0.0411720 ,0.0551540 ,0.3040510 ,0.1936130 ,0.0262180 ,0.0545210 ,0.1936130 ,0.2516230 ,0.1073600 ,0.1630750 ,0.2516230 ,0.0262180 ,0.2382250 ,0.3040510 ,0.0545210 ,0.1630750 ,0.3806500 ,0.1630750 ,0.2382250 ,0.1936130 ,0.1936130 ,0.1420260 ,0.0262180 ,0.2382250 ,0.5016210 ,0.2191930 ,0.0411720 ,0.1630750 ,0.0834360 ,0.5758380 ,0.0411720 ,0.0322590 ,0.0262180 ,0.2382250 ,0.5758380 ,0.2516230 ,0.1630750 ,0.2888520 ,0.0250850 ,0.3040510 ,0.0322590 ,0.0411720 ,0.0220820 ,0.0411720 ,0.2382250 ,0.2888520 ,0.0322590 ,0.3806500 ,0.2382250 ,0.0220820 ,0.3806500 ,0.5758380 ,0.2888520 ,0.0262180 ,0.0411720 ,0.5016210 ,0.5016210 ,0.1630750 ,0.5758380 ,0.1630750 ,0.0726820 ,0.0749630 ,0.0322590 ,0.0322590 ,0.0322590 ,0.0322590 ,0.1630750 ,0.0282940 ,0.2888520 ,0.4369690 ,0.0281620 ,0.0322590 ,0.3040510 ,1.0000000 ,0.1936130 ,0.1936130 ,0.1630750 ,0.1420260 ,0.5016210 ,0.5758380 ,0.5758380 ,0.5758380 ,0.5758380 
0.1630750 ,0.3806500 ,0.4369690 ,0.3040510 ,0.0322590 ,0.3806500 ,0.1936130 ,0.0419460 ,0.3040510 ,0.1936130 ,0.0411720 ,0.0957800 ,0.3040510 ,0.1936130 ,0.0262180 ,0.0545210 ,0.1936130 ,0.3315890 ,0.1073600 ,0.1630750 ,0.3315890 ,0.0262180 ,0.2382250 ,0.3040510 ,0.0545210 ,0.2550470 ,0.5016210 ,0.1630750 ,0.2382250 ,0.1936130 ,0.1936130 ,0.1420260 ,0.0262180 ,0.2382250 ,0.6610360 ,0.2888520 ,0.0411720 ,0.1630750 ,0.1099520 ,0.7588400 ,0.0411720 ,0.0322590 ,0.0262180 ,0.2382250 ,0.7588400 ,0.3315890 ,0.1630750 ,0.3806500 ,0.0250850 ,0.3040510 ,0.0322590 ,0.0411720 ,0.0220820 ,0.0411720 ,0.2382250 ,0.3806500 ,0.0322590 ,0.5016210 ,0.2382250 ,0.0220820 ,0.5016210 ,0.7588400 ,0.3806500 ,0.0262180 ,0.0411720 ,0.6610360 ,0.6610360 ,0.1630750 ,0.7588400 ,0.1630750 ,0.0957800 ,0.0749630 ,0.0322590 ,0.0322590 ,0.0322590 ,0.0322590 ,0.1630750 ,0.0282940 ,0.3806500 ,0.5758380 ,0.0281620 ,0.0322590 ,0.3040510 ,0.1936130 ,1.0000000 ,0.3028080 ,0.1630750 ,0.1420260 ,0.6610360 ,0.7588400 ,0.7588400 ,0.7588400 ,0.7588400 
0.1630750 ,0.3806500 ,0.4369690 ,0.3040510 ,0.0322590 ,0.3806500 ,0.1936130 ,0.0419460 ,0.3040510 ,0.1936130 ,0.0411720 ,0.0957800 ,0.3040510 ,0.1936130 ,0.0262180 ,0.0545210 ,0.1936130 ,0.3315890 ,0.1073600 ,0.1630750 ,0.3315890 ,0.0262180 ,0.2382250 ,0.3040510 ,0.0545210 ,0.3864350 ,0.5016210 ,0.1630750 ,0.2382250 ,0.1936130 ,0.1936130 ,0.1420260 ,0.0262180 ,0.2382250 ,0.6610360 ,0.2888520 ,0.0411720 ,0.1630750 ,0.1099520 ,0.7588400 ,0.0411720 ,0.0322590 ,0.0262180 ,0.2382250 ,0.7588400 ,0.3315890 ,0.1630750 ,0.3806500 ,0.0250850 ,0.3040510 ,0.0322590 ,0.0411720 ,0.0220820 ,0.0411720 ,0.2382250 ,0.3806500 ,0.0322590 ,0.5016210 ,0.2382250 ,0.0220820 ,0.5016210 ,0.7588400 ,0.3806500 ,0.0262180 ,0.0411720 ,0.6610360 ,0.6610360 ,0.1630750 ,0.7588400 ,0.1630750 ,0.0957800 ,0.0749630 ,0.0322590 ,0.0322590 ,0.0322590 ,0.0322590 ,0.1630750 ,0.0282940 ,0.3806500 ,0.5758380 ,0.0281620 ,0.0322590 ,0.3040510 ,0.1936130 ,0.3028080 ,1.0000000 ,0.1630750 ,0.1420260 ,0.6610360 ,0.7588400 ,0.7588400 ,0.7588400 ,0.7588400 
0.1330870 ,0.3806500 ,0.4369690 ,0.2714810 ,0.0280130 ,0.3806500 ,0.1630750 ,0.0384440 ,0.2714810 ,0.1630750 ,0.0367620 ,0.0957800 ,0.2714810 ,0.1630750 ,0.0220820 ,0.0498580 ,0.1630750 ,0.3315890 ,0.1016270 ,0.1330870 ,0.3315890 ,0.0220820 ,0.2068740 ,0.2714810 ,0.0498580 ,0.1330870 ,0.5016210 ,0.1330870 ,0.3235470 ,0.1630750 ,0.2550470 ,0.1124150 ,0.0220820 ,0.2068740 ,0.6610360 ,0.2888520 ,0.0367620 ,0.1330870 ,0.1099520 ,0.7588400 ,0.0367620 ,0.0280130 ,0.0220820 ,0.7283320 ,0.7588400 ,0.3315890 ,0.1330870 ,0.3806500 ,0.0218280 ,0.2714810 ,0.0280130 ,0.0367620 ,0.0180220 ,0.0367620 ,0.2068740 ,0.3806500 ,0.0280130 ,0.5016210 ,0.2068740 ,0.0180220 ,0.5016210 ,0.7588400 ,0.3806500 ,0.0220820 ,0.0367620 ,0.6610360 ,0.6610360 ,0.1330870 ,0.7588400 ,0.2081460 ,0.0957800 ,0.0698990 ,0.0280130 ,0.0280130 ,0.0280130 ,0.0280130 ,0.1330870 ,0.0245980 ,0.3806500 ,0.5758380 ,0.0252200 ,0.0280130 ,0.2714810 ,0.1630750 ,0.1630750 ,0.1630750 ,1.0000000 ,0.1124150 ,0.6610360 ,0.7588400 ,0.7588400 ,0.7588400 ,0.7588400 
0.1124150 ,0.3806500 ,0.4369690 ,0.2490440 ,0.0250880 ,0.3806500 ,0.1420260 ,0.0360230 ,0.2490440 ,0.1420260 ,0.0337240 ,0.0726820 ,0.2490440 ,0.1420260 ,0.0192320 ,0.0466470 ,0.1420260 ,0.3315890 ,0.0976860 ,0.1124150 ,0.3315890 ,0.0192320 ,0.1852690 ,0.2490440 ,0.0466470 ,0.1124150 ,0.5016210 ,0.1124150 ,0.1852690 ,0.1420260 ,0.1420260 ,0.0920000 ,0.0192320 ,0.1852690 ,0.6610360 ,0.2888520 ,0.0337240 ,0.8446720 ,0.1099520 ,0.7588400 ,0.0337240 ,0.0250880 ,0.0192320 ,0.1852690 ,0.7588400 ,0.3315890 ,0.1124150 ,0.3806500 ,0.0195760 ,0.2490440 ,0.0250880 ,0.0337240 ,0.0152220 ,0.0337240 ,0.1852690 ,0.3806500 ,0.0250880 ,0.5016210 ,0.1852690 ,0.0152220 ,0.5016210 ,0.7588400 ,0.3806500 ,0.0192320 ,0.0337240 ,0.6610360 ,0.6610360 ,0.1124150 ,0.7588400 ,0.1124150 ,0.0957800 ,0.0664140 ,0.0250880 ,0.0250880 ,0.0250880 ,0.0250880 ,0.1124150 ,0.0220460 ,0.3806500 ,0.5758380 ,0.0231830 ,0.0250880 ,0.2490440 ,0.1420260 ,0.1420260 ,0.1420260 ,0.1124150 ,1.0000000 ,0.6610360 ,0.7588400 ,0.7588400 ,0.7588400 ,0.7588400 
0.1262190 ,1.0000000 ,1.0000000 ,0.3315890 ,0.5758380 ,0.3315890 ,0.2888520 ,0.2516230 ,0.1448940 ,0.0105310 ,0.3806500 ,0.0633140 ,0.0010090 ,0.0105310 ,0.5016210 ,0.3315890 ,0.0551540 ,0.2888520 ,0.3315890 ,0.3315890 ,1.0000000 ,0.2516230 ,0.6610360 ,0.0003840 ,0.1663320 ,0.5758380 ,1.0000000 ,0.6610360 ,0.2516230 ,0.0551540 ,0.5758380 ,0.6610360 ,0.1663320 ,0.0726820 ,1.0000000 ,1.0000000 ,0.1262190 ,0.3315890 ,1.0000000 ,1.0000000 ,0.2191930 ,0.3315890 ,0.5016210 ,0.6610360 ,1.0000000 ,1.0000000 ,0.0069620 ,1.0000000 ,0.4369690 ,0.5016210 ,0.5016210 ,0.5758380 ,0.3806500 ,0.3806500 ,0.6610360 ,1.0000000 ,0.1909420 ,1.0000000 ,0.6610360 ,0.2516230 ,1.0000000 ,1.0000000 ,1.0000000 ,0.2516230 ,0.5758380 ,1.0000000 ,1.0000000 ,0.1262190 ,1.0000000 ,0.2516230 ,1.0000000 ,0.6610360 ,0.6610360 ,0.6610360 ,0.4369690 ,0.3806500 ,0.3806500 ,0.6610360 ,1.0000000 ,1.0000000 ,0.6610360 ,0.3806500 ,0.2191930 ,0.5016210 ,0.6610360 ,0.6610360 ,0.6610360 ,0.6610360 ,1.0000000 ,1.0000000 ,1.0000000 ,1.0000000 ,1.0000000 
0.1448940 ,1.0000000 ,1.0000000 ,0.3806500 ,0.6610360 ,0.3806500 ,0.3315890 ,0.2888520 ,0.1663320 ,0.0120890 ,0.4369690 ,0.0726820 ,0.0011580 ,0.0120890 ,0.5758380 ,0.3806500 ,0.0633140 ,0.3315890 ,0.3806500 ,0.3806500 ,1.0000000 ,0.2888520 ,0.7588400 ,0.0004410 ,0.1909420 ,0.6610360 ,1.0000000 ,0.7588400 ,0.2888520 ,0.0633140 ,0.6610360 ,0.7588400 ,0.1909420 ,0.0834360 ,1.0000000 ,1.0000000 ,0.1448940 ,0.3806500 ,1.0000000 ,1.0000000 ,0.2516230 ,0.3806500 ,0.5758380 ,0.7588400 ,1.0000000 ,1.0000000 ,0.0079910 ,1.0000000 ,0.5016210 ,0.5758380 ,0.5758380 ,0.6610360 ,0.4369690 ,0.4369690 ,0.7588400 ,1.0000000 ,0.2191930 ,1.0000000 ,0.7588400 ,0.2888520 ,1.0000000 ,1.0000000 ,1.0000000 ,0.2888520 ,0.6610360 ,1.0000000 ,1.0000000 ,0.1448940 ,1.0000000 ,0.2888520 ,1.0000000 ,0.7588400 ,0.7588400 ,0.7588400 ,0.5016210 ,0.4369690 ,0.4369690 ,0.7588400 ,1.0000000 ,1.0000000 ,0.7588400 ,0.4369690 ,0.2516230 ,0.5758380 ,0.7588400 ,0.7588400 ,0.7588400 ,0.7588400 ,1.0000000 ,1.0000000 ,1.0000000 ,1.0000000 ,1.0000000 
0.1448940 ,1.0000000 ,1.0000000 ,0.3806500 ,0.6610360 ,0.3806500 ,0.3315890 ,0.2888520 ,0.1663320 ,0.0159310 ,0.4369690 ,0.0726820 ,0.0011580 ,0.0120890 ,0.5758380 ,0.3806500 ,0.0633140 ,0.3315890 ,0.3806500 ,0.3806500 ,1.0000000 ,0.2888520 ,0.7588400 ,0.0004410 ,0.1909420 ,0.6610360 ,1.0000000 ,0.7588400 ,0.2888520 ,0.0633140 ,0.6610360 ,0.7588400 ,0.1909420 ,0.0834360 ,1.0000000 ,1.0000000 ,0.1448940 ,0.3806500 ,1.0000000 ,1.0000000 ,0.2516230 ,0.3806500 ,0.5758380 ,0.7588400 ,1.0000000 ,1.0000000 ,0.0079910 ,1.0000000 ,0.5016210 ,0.5758380 ,0.5758380 ,0.6610360 ,0.4369690 ,0.4369690 ,0.7588400 ,1.0000000 ,0.2191930 ,1.0000000 ,0.7588400 ,0.2888520 ,1.0000000 ,1.0000000 ,1.0000000 ,0.2888520 ,0.6610360 ,1.0000000 ,1.0000000 ,0.1448940 ,1.0000000 ,0.2888520 ,1.0000000 ,0.7588400 ,0.7588400 ,0.7588400 ,0.5016210 ,0.4369690 ,0.4369690 ,0.7588400 ,1.0000000 ,1.0000000 ,0.7588400 ,0.4369690 ,0.2516230 ,0.5758380 ,0.7588400 ,0.7588400 ,0.7588400 ,0.7588400 ,1.0000000 ,1.0000000 ,1.0000000 ,1.0000000 ,1.0000000 
0.1448940 ,1.0000000 ,1.0000000 ,0.3806500 ,0.6610360 ,0.3806500 ,0.3315890 ,0.2888520 ,0.1663320 ,0.0120890 ,0.4369690 ,0.0726820 ,0.0011580 ,0.0120890 ,0.5758380 ,0.3806500 ,0.0633140 ,0.3315890 ,0.3806500 ,0.3806500 ,1.0000000 ,0.2888520 ,0.7588400 ,0.0004410 ,0.1909420 ,0.6610360 ,1.0000000 ,0.7588400 ,0.2888520 ,0.0633140 ,0.6610360 ,0.7588400 ,0.1909420 ,0.0834360 ,1.0000000 ,1.0000000 ,0.1448940 ,0.3806500 ,1.0000000 ,1.0000000 ,0.2516230 ,0.3806500 ,0.5758380 ,0.7588400 ,1.0000000 ,1.0000000 ,0.0079910 ,1.0000000 ,0.5016210 ,0.5758380 ,0.5758380 ,0.6610360 ,0.4369690 ,0.4369690 ,0.7588400 ,1.0000000 ,0.2191930 ,1.0000000 ,0.7588400 ,0.2888520 ,1.0000000 ,1.0000000 ,1.0000000 ,0.2888520 ,0.6610360 ,1.0000000 ,1.0000000 ,0.1448940 ,1.0000000 ,0.2888520 ,1.0000000 ,0.7588400 ,0.7588400 ,0.7588400 ,0.5016210 ,0.4369690 ,0.4369690 ,0.7588400 ,1.0000000 ,1.0000000 ,0.7588400 ,0.4369690 ,0.2516230 ,0.5758380 ,0.7588400 ,0.7588400 ,0.7588400 ,0.7588400 ,1.0000000 ,1.0000000 ,1.0000000 ,1.0000000 ,1.0000000 
0.1448940 ,1.0000000 ,1.0000000 ,0.3806500 ,0.6610360 ,0.3806500 ,0.3315890 ,0.2888520 ,0.1663320 ,0.0120890 ,0.4369690 ,0.0726820 ,0.0011580 ,0.0120890 ,0.5758380 ,0.3806500 ,0.0633140 ,0.3315890 ,0.3806500 ,0.3806500 ,1.0000000 ,0.2888520 ,0.7588400 ,0.0004410 ,0.1909420 ,0.6610360 ,1.0000000 ,0.7588400 ,0.2888520 ,0.0633140 ,0.6610360 ,0.7588400 ,0.1909420 ,0.0834360 ,1.0000000 ,1.0000000 ,0.1448940 ,0.3806500 ,1.0000000 ,1.0000000 ,0.2516230 ,0.3806500 ,0.7588400 ,0.7588400 ,1.0000000 ,1.0000000 ,0.0079910 ,1.0000000 ,0.5016210 ,0.5758380 ,0.5758380 ,0.6610360 ,0.4369690 ,0.4369690 ,0.7588400 ,1.0000000 ,0.2191930 ,1.0000000 ,0.7588400 ,0.2888520 ,1.0000000 ,1.0000000 ,1.0000000 ,0.2888520 ,0.6610360 ,1.0000000 ,1.0000000 ,0.1448940 ,1.0000000 ,0.2888520 ,1.0000000 ,0.7588400 ,0.7588400 ,0.7588400 ,0.5016210 ,0.4369690 ,0.4369690 ,0.7588400 ,1.0000000 ,1.0000000 ,0.7588400 ,0.4369690 ,0.2516230 ,0.5758380 ,0.7588400 ,0.7588400 ,0.7588400 ,0.7588400 ,1.0000000 ,1.0000000 ,1.0000000 ,1.0000000 ,1.0000000 
