0,1,2,3,4,5,6,7,8,9,10,11,12,13,14,15,16,17,18,19,20,21,22,23,24,25,26,27,28,29,30,31,32,33,34,35,36,37,38,39,40,41,42,43,44,45,46,47,48,49,50,51,52,53,54,55,56,57,58,59,60,61,62,63,64,65,66,67,68,69,70,71,72,73,74,75,76,77,78,79,80,81,82,83,84,85,86,87
-0.41675258,0.51362735,-0.81334877,-0.6134409,-1.38071,-0.035674423,-0.121187374,1.4417111,0.4407916,0.5871661,0.124237135,-0.29889116,0.20608811,0.98901224,-0.24532521,-1.037454,-1.0961275,0.47133678,0.8779901,-0.6530693,-0.036774814,0.19462144,-0.69116634,-1.5822946,-0.19412462,-0.5612638,-0.15903285,0.043168843,-0.050638735,1.0712817,0.5176024,0.06588864,0.97515064,0.1477806,0.5249956,-0.005549981,-0.075220205,1.125066,-1.4195459,0.10461536,-0.57961875,-0.5552161,0.49025473,0.6116758,-0.03799122,0.56912494,-0.607284,0.69297916,-1.0735857,0.2218963,0.18423516,0.86164945,0.014079545,-0.88083047,-0.26527038,0.12931131,0.440526,0.14351508,-0.6289553,-0.7683465,0.7681185,-0.39545175,-0.7403383,0.37664926,-0.6076894,-0.09503487,-0.43746686,0.023373123,0.04571549,0.067871265,0.48150086,0.13390896,0.36862585,0.34685102,-0.43319023,-0.61369884,-0.8008973,0.09015946,-0.058602914,-0.032040734,-0.09415859,-0.54440534,0.15664528,0.45770562,0.7093874,-0.3003718,-0.785555,-0.74278384
-0.32368854,0.5397665,-1.041389,-0.7058755,-1.228609,-0.2881672,-0.29864213,1.4438396,0.337669,0.73933244,0.15305416,-0.08358334,0.22752188,1.0033851,-0.02995399,-0.85408205,-1.1616037,0.08332292,0.67229563,-0.580589,-0.26817843,0.007996596,-0.8281302,-1.5955706,0.09930399,-0.67149615,-0.47306195,-0.058043346,0.25575176,1.0097764,0.7563221,-0.14250472,0.7771283,-0.011574231,0.6029694,0.12367186,-0.2694454,0.8822505,-1.228627,0.014713982,-0.7870869,-0.66639006,0.7275466,0.56337637,0.061067086,0.41651946,-0.6777917,0.44053236,-1.0005634,0.001250792,0.22070926,0.6036118,0.0954834,-0.5765973,0.09839996,-0.109931566,0.44541758,0.068171814,-0.69988334,-0.6388466,0.94567996,-0.5094007,-0.5941737,0.48881495,-0.52796656,-0.09028073,-0.5534991,-0.046481647,0.09872593,0.2568956,0.08281236,-0.10480651,0.7235372,0.4523003,-0.46635005,-0.61954814,-0.5492589,-0.090768024,-0.14255168,-0.3401757,-0.11536526,-0.77762747,0.15345839,0.58621776,0.78511775,-0.7570901,-0.7372353,-0.95477176
-0.24743402,0.39240044,-1.2595832,-0.92026955,-1.3126963,-0.16590238,-0.73476744,1.534352,0.332931,0.79881227,0.22466657,-0.21430993,0.29011625,0.89405036,-0.21774676,-0.6929597,-1.240965,0.28727463,0.61592394,-0.7048412,-0.31930864,-0.13220805,-0.836767,-1.5787435,0.04058692,-0.690332,-0.4214631,-0.07186806,0.32339358,1.1447968,0.6314349,-0.17015946,0.72676224,-0.009292066,0.807474,0.19288561,-0.5408517,0.70053905,-1.0072674,0.31723568,-0.82950854,-0.6057478,1.0098255,0.37522215,-0.005055841,0.40689194,-0.5101085,0.18398315,-0.73323894,0.2316854,0.13452274,0.55659056,-0.11070858,-0.53969705,0.14839962,-0.046571992,0.68872106,0.079242304,-0.52550817,-0.96395946,0.99922854,-0.52812225,-0.5326693,0.6071897,-0.674366,-0.22650507,-0.6700105,0.18591082,0.24327853,0.23424645,0.15383787,-0.17714044,0.6544734,0.530735,-0.52228504,-0.7277437,-0.6924184,-0.05390583,-0.15701118,-0.19892083,-0.17539984,-0.7664038,-0.06909752,0.4984748,1.0939345,-0.75024825,-0.7865468,-0.85885143
-0.4311223,0.46282926,-1.2465601,-0.6212008,-1.557542,-0.1807258,-1.0593172,1.3926682,0.31581652,0.9327252,0.50155246,-0.5881666,0.19501902,0.65491015,-0.12717855,-0.6441667,-1.2199154,0.22997823,0.81480324,-0.6039487,-0.0422946,0.13641252,-0.9074597,-1.4445249,0.01380248,-0.7385875,-0.26986378,0.110669374,0.03622406,1.27333,0.5987781,-0.34970993,0.49643832,-0.28976914,0.9128279,0.20428549,-0.605812,0.50422806,-1.0824313,0.39287445,-0.9371046,-0.4787241,0.8572484,0.4585179,0.017908081,0.6947266,-0.52805907,0.42886174,-0.5108053,0.4496932,-0.17185158,0.3846238,-0.057622794,-0.61404806,0.04971122,0.009198524,0.83499306,0.019851219,-0.37717015,-1.0571896,1.141685,-0.35515517,-0.46147594,0.6625092,-0.7786972,-0.27917358,-0.64427,0.41086948,0.1832836,0.18239588,0.2986864,-0.398481,0.4679007,0.20136452,-0.64040875,-0.9023577,-0.7563193,-0.14528641,0.053535685,0.05695285,-0.11576248,-0.5520974,-0.19861019,0.3102235,1.2297237,-0.520769,-0.83014464,-0.6508011
-0.6551406,0.3844844,-1.1131505,-0.49781528,-1.7751284,0.09671138,-1.2685603,1.2631824,0.5065744,0.8468803,0.68692136,-0.5653149,0.38603115,0.60673475,0.023440279,-0.53871113,-1.1586818,0.37655327,1.0889901,-0.5529302,0.007117577,0.6397978,-1.0376282,-1.2945182,-0.10431631,-0.8513966,-0.2273997,0.20961702,-0.03294751,1.3662286,0.689974,-0.2723193,0.41905445,-0.30496177,0.69531107,0.07411574,-0.9455725,0.29198703,-0.9724431,0.6088383,-1.0173426,-0.33264643,0.9809444,0.3840556,0.20738806,0.8441943,-0.37317625,0.43431732,-0.11149461,0.5258647,-0.082924746,0.38877252,-0.2801188,-0.7002094,0.19007134,0.22147775,0.9829276,-0.1996579,-0.11417185,-1.0182935,1.161912,-0.58272904,-0.72653663,0.92529863,-0.9520524,-0.44265223,-0.7515165,0.5468209,0.25725543,0.2087772,0.37328884,-0.652179,0.44069755,-0.05389426,-0.4817134,-0.9955709,-0.94729286,-0.1646713,-0.001068577,0.31515762,-0.18527764,-0.76546156,-0.6944456,0.20163393,1.2691219,-0.36995128,-0.9264356,-0.5159227
-0.5708079,0.29911083,-0.97628105,-0.31932637,-1.5372759,0.27305806,-1.1418906,1.4277084,0.5435586,0.761845,0.7288263,-0.5687973,0.31843156,0.6165022,-0.14365584,-0.591401,-1.2235205,0.514013,1.204851,-0.5335673,0.14266926,0.7590126,-1.0699189,-1.5411869,-0.24245605,-0.7860853,-0.16614345,0.27980784,-0.008418838,1.4552622,0.5545574,-0.21884926,0.35087922,-0.30588377,0.5558552,-0.14554568,-0.81583124,0.38786012,-0.9941027,0.53126305,-1.0070535,-0.14492397,1.0429938,0.26851815,0.30086935,0.86752474,-0.35445976,0.4664148,-0.13676304,0.5399626,-0.14486095,0.4938138,-0.32200295,-0.52079195,0.11409212,0.16312835,0.85931057,-0.35511884,-0.1019795,-0.9930818,0.86989725,-0.48910084,-0.915062,0.87001026,-0.6681585,-0.403581,-0.7799885,0.7161277,0.24476111,-0.000524763,0.52458864,-0.4505125,0.47072208,0.072554976,-0.5597787,-0.8941903,-1.1382256,-0.078406945,-0.24111204,0.55568075,-0.22944003,-0.7530828,-0.7625121,-0.013146497,1.1744835,-0.1309767,-0.9500934,-0.61445934
-0.37454626,0.22780822,-0.78106123,-0.29366344,-1.0794106,0.3652141,-0.8384738,1.5539215,0.21918803,0.66005254,0.7232311,-0.5721027,0.008258812,0.5171294,-0.36989734,-0.7173022,-1.1548523,0.42922306,1.0947884,-0.5892327,0.19025357,0.64364934,-1.0257807,-1.9167145,-0.4078143,-0.6311233,0.14061353,0.3211529,0.09862911,1.28914,0.4670448,0.049336094,0.1860371,-0.081046715,0.54112625,-0.22398537,-0.43427372,0.81904113,-1.1477591,0.3446426,-0.7528722,0.008968197,1.2159808,-0.012637641,0.3805864,0.6046314,-0.5029814,0.48672068,-0.2979822,0.38758063,-0.16851944,0.70692027,-0.34821454,-0.3691344,0.018582173,-0.12984619,0.8520335,-0.5113984,-0.071922906,-0.94000983,0.59233034,-0.3101537,-1.0704248,0.72495764,-0.41770256,-0.35230502,-0.79567385,0.65399015,0.116581805,-0.41346025,0.8108838,0.22347389,0.31844684,0.21252573,-0.74412847,-0.79693204,-1.0695608,0.19667983,-0.5624273,0.6637833,-0.35802352,-0.6370448,-0.5521679,0.15434599,0.9197161,-0.04769527,-0.8677752,-0.7859018
-0.21202454,0.27565002,-0.7621415,-0.5703823,-0.89421093,0.46047306,-0.502183,1.6009341,0.36584452,0.6468208,0.6190524,-0.35518286,-0.09205443,0.4018502,-0.331519,-0.7941395,-1.1008476,0.3713156,1.0007819,-0.4488865,-0.17498241,0.47908023,-0.90960926,-2.0235546,-0.4005117,-0.42694128,0.11204281,0.2778267,0.11692473,1.492728,0.35738704,-0.017639628,0.24838114,0.08021512,0.4209825,-0.26314962,-0.45475954,1.041043,-1.1338748,0.2955753,-0.52075726,0.11852475,1.34181,-0.08548853,0.3378654,0.4928492,-0.56945187,0.5182213,-0.39452016,0.3297851,-0.15807365,0.85120726,-0.22371444,-0.3932973,0.024880648,-0.19210258,0.69714475,-0.4939785,-0.11354856,-0.9275837,0.3621192,-0.2850931,-0.969445,0.6483049,-0.3491152,-0.34176388,-0.72271115,0.6455264,0.10664599,-0.5083183,0.7975431,0.26514146,0.21655358,0.42205235,-0.60486645,-0.68459004,-1.1064025,0.29609686,-0.5263476,0.53806806,-0.4775092,-0.7693843,-0.3153486,0.34657243,0.87831676,-0.040792406,-0.94485414,-0.82288814
-0.17679158,0.1816733,-0.824731,-0.85040957,-0.80796623,0.49534577,-0.44396538,1.6566099,0.49034876,0.8765143,0.5654074,-0.4512716,-0.13436778,0.3200508,-0.40337276,-0.9824872,-1.0049486,0.43172944,0.77109665,-0.2115657,-0.38358712,0.34957758,-1.0087143,-2.0872023,-0.33096135,-0.21297123,0.07375344,0.13906752,0.12142871,1.6330764,0.36904716,-0.09257959,0.34257197,0.18464705,0.48950228,-0.031368773,-0.7136213,1.1611387,-1.1591014,0.37152395,-0.6653859,0.07728847,1.3688767,-0.20763664,0.26008594,0.44740573,-0.59222406,0.37249738,-0.4507286,0.26879942,-0.114399165,0.81252456,-0.14272891,-0.45175844,0.06434669,-0.1994384,0.81099266,-0.50745755,-0.3122652,-0.96259105,0.37247857,-0.35108545,-0.8692902,0.5506926,-0.30152327,-0.48533413,-0.6782493,0.7313296,0.09883636,-0.61685026,0.6574507,0.0950905,0.25157237,0.5684869,-0.66409254,-0.6910119,-1.0968767,0.4110175,-0.40947324,0.33720812,-0.49560994,-0.90982956,-0.34085533,0.43089715,0.85873365,0.009853818,-0.99588096,-0.9638726
-0.13293457,-0.12983777,-0.69258595,-0.71765774,-1.333612,0.7793625,-0.8026899,1.7452127,0.7297551,1.0979784,0.44148794,-0.57612675,-0.0757043,0.18024404,-0.60267144,-1.3161885,-1.0011481,0.8556096,0.6027741,-0.043610916,-0.3720432,0.4129196,-1.0505315,-1.8737118,-0.32244235,-0.08491649,-0.2051723,0.17580006,-0.037563547,2.0373669,0.30376497,-0.16594139,0.2751646,0.12687445,0.67636746,-0.04890821,-1.017321,0.883638,-1.0765234,0.8250269,-0.85499555,-0.3256055,1.2473416,0.16369246,-0.1112953,0.4351806,-0.7043681,0.49418664,-0.5465468,0.46766686,-0.073738754,0.51909804,-0.10089809,-0.523212,-0.075813845,0.041127574,1.1623358,-0.26376444,-0.5281057,-1.1623418,0.59827495,-0.588123,-0.89380187,0.5359713,-0.22053194,-0.3905363,-0.37978896,0.8286075,0.16306663,-0.5487627,0.5735907,-0.1744493,0.32118425,0.46394777,-0.8538001,-0.79578424,-1.3000773,0.4112575,-0.12315379,0.14217632,-0.23035792,-1.1010705,-0.27246478,0.4258143,1.0608933,0.22344787,-0.8616359,-1.1217041
-0.44223574,-0.18630691,-0.32456487,-0.8296849,-1.4699997,0.38032615,-0.838482,1.3155932,0.48550463,1.2333146,0.24392942,-0.80433893,-0.12388937,0.40180525,-0.38907704,-1.1306918,-0.7483288,0.2867206,0.54506886,-0.07024072,-0.051092274,0.72490996,-1.152941,-1.8729635,-0.7647767,-0.37359855,-0.44570524,0.21340862,-0.011555029,1.4388669,0.18309036,-0.079363905,0.060378667,-0.15379804,0.31087983,-0.3248582,-0.598355,0.68864715,-0.9179243,1.0027277,-1.0249772,-0.60512453,0.78197956,0.27223527,-0.48804986,0.2548244,-0.38458654,0.59222984,-0.36525854,0.44514966,0.08175751,0.67845076,-0.40500417,-0.18120849,-0.52197397,-0.21179226,1.0101179,-0.90777874,-0.46034405,-0.7382572,0.66135806,-0.43859208,-1.3459771,0.8573525,-0.07310256,-0.018255364,-0.46106684,0.6003504,0.27113232,-0.29281187,0.4744628,0.0895627,0.4391974,0.19034016,-0.80160373,-0.45873085,-0.86526537,0.32672867,-0.42721653,0.23457962,0.30556235,-1.1909093,-0.2927621,0.6076558,0.97218335,0.036271043,-0.43642363,-1.1758227
-0.44973174,0.17646432,-0.19076858,-0.40259886,-1.4915574,0.51157504,-0.4728182,1.2791833,0.633745,1.0482465,0.33062845,-0.7715185,0.08030523,0.424705,-0.52747405,-1.160553,-0.62836957,0.4597491,0.61176527,0.0722225,-0.007215872,0.92062885,-1.2965431,-2.0198436,-0.76802325,-0.60199314,-0.4572073,0.013439365,-0.035741873,1.3794255,0.17076194,0.15100357,0.2250824,-0.002890118,0.06257005,-0.6382956,-0.46224296,0.77814025,-0.93845344,0.86036205,-0.75558823,-0.4759536,0.642642,0.36219358,-0.28692478,0.121104956,-0.36278766,0.426151,-0.22546288,0.43359542,0.25614336,0.6506983,-0.41590866,-0.15370485,-0.6594564,-0.16180113,0.6984417,-0.5890808,-0.39969084,-0.5748809,0.23501444,-0.4594075,-1.5146421,0.7181293,-0.043632783,0.05637808,-0.44744408,0.31272602,0.37225124,-0.41422486,0.5779036,0.259496,0.53349656,0.40252125,-0.64602613,-0.39535767,-0.82494915,0.31938434,-0.44966608,0.2715946,0.3837013,-0.9302739,-0.20554864,0.42330375,1.0499302,-0.06740218,-0.22754657,-1.3103485
-0.42285493,0.42346364,-0.29402047,0.31867185,-1.724048,0.8292221,-0.20004465,1.2715672,0.71981245,0.6533401,0.37888795,-0.42221993,0.24714951,0.43131435,-0.561793,-1.2231252,-0.58408594,0.7403802,0.92396,-0.06690757,0.19677809,0.93725353,-0.7952145,-1.8262978,-0.42493486,-0.69102526,-0.40877268,0.1996398,-0.26236802,1.7259059,0.3894906,0.068878755,0.599433,0.09279404,0.1079162,-0.89144,-0.36526138,0.7344079,-0.9332036,0.7984956,-0.59981626,-0.16769683,0.48982766,0.55886334,0.059054222,0.2087086,-0.67251587,0.47492152,-0.39608863,0.7631829,0.18061925,0.65497243,-0.2917407,-0.41813803,-0.65486604,0.021474883,0.23558289,-0.20671453,-0.33136398,-0.63941115,-0.13807595,-0.62442845,-1.3109787,0.4752357,-0.078278296,0.28783512,-0.30388996,0.26232618,0.4376598,-0.63753074,0.68296885,0.42048326,0.3586143,0.58511484,-0.56728375,-0.40769455,-0.9231077,0.1448602,-0.20068003,0.29817104,0.30311987,-0.64779276,-0.1099059,0.02780854,1.0690427,-0.06325002,-0.2080226,-1.2394515
-0.5207558,0.4165749,-0.6269629,0.622718,-2.046332,1.0389194,-0.06566019,1.1266989,0.7291379,0.47762325,0.81862557,-0.14660542,0.33946836,0.14964783,-0.2772429,-1.0848981,-0.6474197,0.9519325,1.2507975,-0.17448112,0.30553633,0.7493226,-0.4773754,-1.3357372,-0.00759878,-0.69959205,-0.26534122,0.21751404,-0.59066164,1.9725707,0.63271475,-0.05679316,0.7371998,-0.07748955,0.30949095,-0.6080017,-0.36802506,0.5624138,-0.77140397,0.6419483,-0.38403308,-0.123966716,0.60026646,0.6254002,0.26704466,0.38699225,-1.0027437,0.4874091,-0.19039011,0.88197327,0.20564008,0.3747808,-0.07258707,-0.9117775,-0.15585591,0.29640433,-0.06254561,0.18054916,-0.37800366,-0.61972594,-0.110325664,-0.9177298,-0.7210364,0.37303782,-0.499592,0.13045302,-0.12178909,0.17958185,0.27862746,-0.5163684,0.63556546,0.04088625,0.17102069,0.48992768,-0.34504405,-0.73763573,-0.6686595,-0.14676058,-0.0351452,0.39915332,0.17732343,-0.49022275,-0.26580694,-0.09716907,1.2080963,-0.15991168,-0.4756255,-0.73741156
-0.49074975,0.29517436,-0.90763265,0.52583873,-2.1823676,0.9320743,-0.0883019,1.107012,0.6092544,0.46616074,1.2910516,-0.01134673,0.24176537,-0.12638783,-0.04427371,-0.7467776,-0.69851327,0.94822484,1.5227708,-0.2443896,0.2921723,0.6014916,-0.36735204,-0.74793816,0.21203682,-0.6214484,-0.023438565,0.09275593,-0.9387553,1.9180839,0.6184132,-0.117320865,0.51766753,-0.44278014,0.4007112,-0.11949472,-0.18385124,0.5459795,-0.7107428,0.41962376,-0.36574915,-0.32364264,0.6177529,0.6935429,-0.04320299,0.5183604,-0.9843795,0.6208936,-0.06883337,0.8000894,0.12733586,0.22591585,0.15991561,-1.2508703,-0.003287025,0.38817617,-0.17450683,0.32750827,-0.22310683,-0.60215044,0.28743058,-0.81265426,-0.26532763,0.26936853,-0.8969741,0.030530915,-0.03083966,0.13003278,0.07483652,-0.2956435,0.5362799,-0.50378525,0.004420931,0.34471852,-0.319655,-0.9189434,-0.35507616,-0.3692448,0.036377303,0.4077505,0.24276483,-0.50603205,-0.40215918,0.0708465,1.4353476,-0.2371734,-0.7398896,-0.22815874
-0.43959028,0.17741613,-0.84318775,0.35831815,-2.314274,0.79568756,-0.18770134,0.940474,0.5797278,0.5170113,1.5964375,-0.07372684,0.19137071,-0.1362926,0.15531382,-0.55314296,-0.87039065,0.8965383,1.4872174,-0.34072602,0.33161876,0.60307366,-0.38372827,-0.36563805,0.31585777,-0.7325334,-0.035377994,0.07932035,-0.99663866,1.8248825,0.57091904,-0.1872494,0.27450463,-0.66273165,0.5131854,0.15548177,-0.10401388,0.41650218,-0.62297463,0.32473573,-0.35930488,-0.52521855,0.5765054,0.5580047,-0.24217449,0.5709188,-0.89110315,0.6864439,0.07312268,0.6296544,0.15931268,0.15605196,0.23470776,-1.5279813,0.105499096,0.43695173,0.03659194,0.25718123,-0.10951097,-0.5508481,0.63961816,-0.6567367,-0.09040179,0.42419016,-1.0718399,0.015698222,-0.09015929,-0.005316705,0.04703688,-0.06546302,0.6277467,-0.7814346,0.003344021,0.27408323,-0.37801537,-0.9744255,-0.25572366,-0.4237992,-0.049871877,0.42417938,0.30894458,-0.511477,-0.45989177,0.32310688,1.6015382,-0.22124745,-0.7857561,0.15176678
-0.50602454,-0.062312853,-0.7636576,-0.09183504,-2.4288843,0.6704632,-0.36984694,1.1793449,0.21221483,0.6114657,1.563425,-0.3619645,0.10888167,-0.018323816,0.075420044,-0.028174646,-0.7210674,0.6405549,1.7538396,-0.5680726,0.32287782,0.9567745,-0.6237705,-0.5248671,0.21176432,-0.9398565,-0.151191,0.34372607,-0.36076853,2.2556329,0.70256525,-0.12995009,-0.3213247,-0.38958588,0.35444465,0.23944183,-0.042725623,0.48084795,-0.7177559,0.44572386,-0.7476439,-0.5191163,0.90424275,0.48142576,-0.65509933,0.8627529,-0.94016594,0.67232,0.03032916,0.48873496,0.015653249,0.38213933,0.04997038,-1.0361582,-0.13544808,0.37021,0.3202312,-0.004811902,0.51540244,-0.86569303,0.6461494,-0.39627263,-0.34957826,0.2460402,-0.9881528,0.030424887,-0.39698634,0.55590093,0.31551188,0.13682422,0.7314215,-0.2813744,0.27191156,0.33808792,-0.67249954,-0.7987323,-0.8166749,-0.33733243,-0.09384174,0.1711069,0.65791255,-0.9400078,0.10106662,0.62755144,1.4022931,-0.2925273,-0.81262493,-0.09342798
0.094463475,-0.007612294,-0.44006467,0.15911742,-1.7980353,-0.24433221,-0.24642037,1.4548507,0.33639464,0.53011453,0.815122,-0.20831303,0.045856174,0.87561446,-0.22866967,-0.38055384,-0.9090142,-0.24370983,1.568333,-0.6551864,0.8335093,1.3956442,-1.1210158,-1.8016886,-0.091511205,-1.4025807,-0.6255234,-0.048889704,0.040651683,1.1107576,0.4583587,-0.057564355,-0.43430775,-0.49110845,-0.050804846,-0.54673547,0.48975295,0.21357799,-0.8869429,0.42984137,-0.9759281,-0.24018493,0.9514226,0.25774032,-0.5264146,0.35749543,-0.41991904,0.7903957,-0.33091658,0.26206475,-0.07512512,1.1741904,-0.56703216,-0.31358787,-0.3855701,-0.29435068,0.13410401,-0.6856566,0.34320408,-0.73483443,0.63835114,-0.05992614,-1.5587782,0.6372073,0.31984264,0.018831136,-0.6263595,0.6222116,0.63870233,0.09144364,0.9282802,0.5424195,0.7015073,0.3311557,-0.4785845,0.02934701,-0.733153,0.05339556,-0.8420168,0.47421697,0.49274236,-1.0582544,-0.122586444,0.69257295,0.783027,-0.7200882,-0.5004101,-1.0043597
0.018803172,0.40055743,-0.3576639,0.7585442,-1.9453574,-0.11521764,-0.023968145,1.4795581,0.51486415,0.35083097,0.7827356,-0.31442448,0.31654885,0.80457795,-0.18774751,-0.67598003,-0.92841065,-0.057588525,1.4837153,-0.7099491,0.7836363,1.2830654,-1.409642,-1.8086239,0.021855142,-1.4709452,-0.5983979,-0.21540551,-0.14608388,1.0894408,0.50427836,0.075878724,-0.27521217,-0.40731925,0.00996805,-0.6211922,0.3546113,0.35062537,-1.0090812,0.16122705,-0.91122556,-0.18132448,0.7373122,0.5310183,-0.22136976,0.38503897,-0.5554611,0.76325285,-0.486336,0.2933578,-0.007218412,0.99980634,-0.4918477,-0.60433054,-0.27137876,-0.09698006,0.021168903,-0.25171483,0.22567283,-0.7691403,0.51316905,-0.20573981,-1.560807,0.5331622,0.25083557,-0.08456777,-0.40135127,0.33122396,0.6566729,0.14168228,0.8820892,0.45708528,0.6085138,0.38436663,-0.3055646,-0.2233201,-0.6126552,0.11320928,-0.48705643,0.46320072,0.37523276,-0.91376585,-0.25077116,0.35650513,0.90398616,-0.7187382,-0.424793,-1.1308367
-0.24387819,0.5667353,-0.09518166,0.9146575,-2.1883185,0.036422,0.07022887,1.3671122,0.432056,0.2132333,0.67889106,-0.36045897,0.40668347,0.7597528,-0.24031314,-0.78235066,-0.9591534,0.1406439,1.2695448,-0.7417671,0.77900463,1.089852,-1.4796789,-1.5343959,-0.0651692,-1.4183995,-0.63489395,-0.31112882,-0.27760997,1.0960209,0.6379606,-0.02974559,0.021571571,-0.20414442,0.17761299,-0.5635365,0.23589495,0.4945885,-0.90394604,0.25464648,-0.76150715,-0.27414355,0.38044485,0.6621641,-0.15565342,0.29468054,-0.6357842,0.8562581,-0.53543556,0.22070992,0.048748873,0.8950058,-0.45063964,-0.655897,-0.3851225,0.19282842,-0.022249646,-0.046355527,-0.017231843,-0.7743694,0.55956024,-0.28154463,-1.4844157,0.43066484,0.123656854,-0.031905055,-0.29150015,-0.08397008,0.61368954,0.2231523,0.8141155,0.3422404,0.36153194,0.35887122,-0.25464368,-0.48809844,-0.37237632,0.11082007,-0.35605812,0.29018557,0.39305636,-0.73772055,-0.22077462,0.20611385,1.062643,-0.6906817,-0.40926412,-1.0128387
-0.4311722,0.5658551,-0.09037657,0.65099615,-2.2694235,-0.20768312,-0.22247173,0.9734002,0.21571234,0.34967077,0.971202,-0.5157201,0.13478467,0.579692,-0.18071696,-0.65596557,-0.79310584,-0.11870864,1.0964633,-0.4277714,0.8989142,1.0349562,-1.3345612,-1.2813318,-0.15926379,-1.5252755,-0.7600239,-0.43603876,-0.45081314,1.1088784,0.65604264,-0.3719857,0.3595572,-0.42366064,0.3961436,-0.22237079,0.024143472,0.43739456,-0.73372626,0.5330553,-0.59818804,-0.29788038,0.25678614,0.5731418,-0.04110384,0.314233,-0.48589835,0.95449036,-0.098087244,0.00609209,-0.049250282,0.884133,-0.41192693,-0.56169724,-0.56694967,0.26869386,0.09074179,-0.19119485,-0.25455883,-0.57317466,0.7317211,-0.2435872,-1.4652803,0.43687743,-0.21188998,0.014090924,-0.41249448,-0.41429192,0.45533696,0.12737896,0.8334593,0.12904266,0.4014572,0.16414762,-0.3601689,-0.5602978,-0.11990064,-0.026701951,-0.63414043,0.17163794,0.43110326,-0.4802798,-0.17829043,0.11942681,1.2653314,-0.7335721,-0.34546167,-0.57288647
-0.39924517,0.4881939,-0.23760003,0.62891054,-2.0997758,-0.23437767,-0.51625437,0.7086197,0.17118382,0.44940585,1.0713754,-0.3202642,0.011595771,0.60599625,-0.15206364,-0.7477954,-0.6714916,-0.27756485,0.9712137,-0.008562468,0.7260053,0.95007324,-1.1085511,-1.2147952,0.011315305,-1.6208322,-0.81445295,-0.4105449,-0.5165127,1.2036572,0.6273266,-0.85102785,0.5617271,-0.45693383,0.5638949,-0.103306204,-0.07822808,0.26698557,-0.6014855,0.50943583,-0.5774231,-0.31762472,0.36284155,0.46309048,0.1536513,0.46598914,-0.5222647,0.95209223,0.19194916,-0.039714634,-0.16097471,0.93002623,-0.60193074,-0.40719822,-0.59730613,0.2384139,0.028090969,-0.27698487,-0.35804784,-0.22365585,0.7669744,-0.40066728,-1.5412014,0.4601997,-0.25034603,0.09725064,-0.38671252,-0.4751303,0.4182621,-0.09271779,0.81440604,0.025743604,0.4228678,0.09999265,-0.49063736,-0.4690318,-0.041563116,-0.04602186,-0.76025295,0.053152077,0.33000195,-0.36530793,-0.10278915,0.085147604,1.1721853,-0.67652404,-0.18178877,-0.347496
-0.135143,0.50736916,-0.064109154,0.4961049,-1.6088392,-0.18978328,-0.412154,0.7502434,0.30683213,0.55105364,0.87939334,-0.19046286,-0.26942983,0.86407375,-0.34705228,-0.7256584,-0.77135205,-0.2746901,0.98861164,0.20874327,0.5430727,0.9202178,-1.0406958,-1.4436353,-0.078279525,-1.659792,-0.85351896,-0.31144667,-0.5773007,1.018081,0.45572758,-1.1147821,0.4167398,-0.38674432,0.54085404,-0.19014709,0.003941581,0.4857397,-0.7850417,0.24286136,-0.109673195,0.014445849,0.41824293,0.25230545,0.14248335,0.55241144,-0.4936928,1.1737962,-0.020779297,-0.11514434,-0.22081812,1.1098574,-0.7673815,-0.103674464,-0.894162,0.24987799,-0.30343083,-0.2558439,-0.17234038,-0.16749755,0.8190106,-0.08306648,-1.5604601,0.53599125,-0.017147772,0.18398908,-0.50038916,-0.43819138,0.34813812,-0.42614985,1.0629975,0.07502402,0.21213813,0.009792402,-0.42659047,-0.2423724,-0.392213,-0.112650275,-0.8656817,0.0887409,0.3370292,-0.06246788,0.16446912,0.07499644,1.038536,-0.7544172,-0.302485,-0.47327483
0.097897284,0.5476285,0.007148169,0.4002415,-1.5943366,-0.023509506,-0.3528693,0.6845028,0.53925097,0.48720354,0.6819953,-0.14998017,-0.36477375,1.162774,-0.41961458,-0.66131467,-1.2520391,-0.1005236,0.8982035,0.021343902,0.6466973,0.82747,-1.2626742,-1.7038339,-0.07085842,-1.7481014,-1.0532669,-0.21548985,-0.42194417,0.7304072,0.4714748,-0.83113784,0.08080808,-0.18872148,0.469511,-0.4192578,0.24705726,0.32277566,-0.7888018,0.06769773,-0.097952306,0.096642576,0.43043903,0.003887203,0.16587332,0.571069,-0.58487725,1.1716005,-0.07032324,0.150529,-0.14836098,1.1169773,-0.90645486,-0.012830257,-0.65605766,0.45449904,-0.39077455,-0.26864856,0.22904955,-0.39115447,0.7108036,0.07813008,-1.4709731,0.727839,0.21871096,0.1411666,-0.6163459,-0.41429535,0.6160911,-0.31440818,1.3254551,0.15070571,0.050613165,-0.018873893,-0.17453754,-0.2598398,-0.75042915,-0.11981903,-0.92428845,0.29243633,0.35951483,-0.07838854,0.43585336,0.36146146,0.9657426,-0.99139607,-0.42029503,-0.8054312
0.17654657,0.5758289,-0.07752673,0.27900198,-1.8238688,0.019461125,-0.36252442,0.67242396,0.5761985,0.2672891,0.5984024,-0.16207762,-0.19238926,1.2541606,-0.4282218,-0.6329618,-1.5402468,0.010520786,0.8813943,-0.20306346,0.7861773,0.75877255,-1.4601079,-1.7669536,-0.033930674,-1.6924647,-1.097839,-0.12098034,-0.17918152,0.65826976,0.6962058,-0.581694,-0.001596654,-0.02652977,0.54552996,-0.47291505,0.2893308,0.13663521,-0.8268064,-0.015042888,-0.2764479,0.07468992,0.52480614,-0.076665446,0.26255614,0.619583,-0.7657746,1.0690025,-0.17560965,0.32188427,-0.12621985,1.1424556,-0.7937296,-0.26101238,-0.28542224,0.51911217,-0.098027945,-0.12071766,0.45752954,-0.7069024,0.6215256,0.014666731,-1.4699583,0.7215986,0.29708657,-0.00144621,-0.6768178,-0.40789106,0.8399163,-0.17019284,1.3147029,0.22668898,0.03759031,0.029187862,-0.10251868,-0.37268376,-0.90688014,-0.09466761,-0.8510328,0.35708848,0.277259,-0.29352885,0.5385456,0.53567564,0.9267603,-1.0847785,-0.49882546,-0.9914326
0.20483431,0.5216233,-0.018639587,0.19358791,-2.1413348,0.076103985,-0.3976951,0.75472283,0.5159668,0.1259043,0.79707205,-0.29523978,-0.119442835,1.1613098,-0.43649873,-0.6121751,-1.6750907,0.08251984,0.80642563,-0.37593484,0.9207143,0.7565393,-1.6657357,-1.6160191,0.037939087,-1.6428535,-1.3118625,-0.07887852,-0.07193169,0.73557556,0.9754404,-0.27122113,-0.099674396,-0.17003606,0.6189262,-0.3839724,0.07496928,0.02513744,-0.696256,0.09915137,-0.36755082,-0.08758792,0.66066635,-0.182468,0.20548105,0.49354774,-0.8381269,1.032302,-0.22167888,0.1759812,-0.09057904,1.1284273,-0.5988817,-0.6325188,0.048257045,0.4268035,0.43336898,-0.11639793,0.34616467,-0.9479494,0.7273047,-0.06162962,-1.5366049,0.69846165,0.3545504,-0.21209936,-0.68800205,-0.4079647,0.98750836,0.03668666,1.3321867,0.28360176,0.07178924,0.06381425,-0.12524603,-0.5928115,-0.85686964,0.038018886,-0.8139549,0.32436442,0.16625735,-0.5202976,0.50860035,0.6895634,1.0818564,-1.0489973,-0.56351817,-0.9771167
0.22078076,0.43335626,0.017302185,0.47292697,-2.8889406,-0.00267636,-0.8810421,0.8489093,0.3772906,0.16292539,0.90203536,-0.39868152,-0.112448156,1.0309844,-0.6119489,-0.70377755,-1.6737231,-0.17843325,0.54841495,-0.26908258,1.3149471,0.8186404,-1.5460612,-1.3308913,0.16981216,-1.7977338,-1.554061,-0.45730892,0.03736835,0.9418536,1.1232603,-0.4623166,-0.00555118,-0.4765478,0.75811154,-0.33757788,0.21688443,-0.5639404,-0.50045717,0.70901287,-0.5739276,-0.63726413,0.52377915,0.03521142,-0.32289934,0.22024089,-0.51448613,1.2878029,0.110565186,0.16349153,-0.101512864,1.341536,-0.6023588,-0.6784306,-0.008865215,0.18475804,0.69708014,-0.48239276,0.029147692,-0.99131763,0.67170894,0.04086545,-1.9368286,0.71410286,0.5794951,-0.27742454,-0.34133682,-0.67190534,1.076505,0.08150923,1.2931777,0.19046965,0.26576743,-0.072276466,-0.3168233,-0.24876216,-0.1458992,0.11577734,-0.6779463,0.18084475,0.36192402,-0.6489262,0.20514917,0.9330059,1.4065794,-1.3134558,-0.23509711,-0.774234
0.3811553,0.24083082,-0.2319397,0.6466758,-2.6062856,0.13972788,-0.85062504,0.74191815,0.4572181,0.40383437,1.0303481,-0.3591129,-0.2028096,1.0157549,-0.41181204,-0.6349224,-1.3026446,-0.13717753,0.59496963,-0.16612896,1.2571508,0.9304441,-1.3418065,-1.3374362,0.084049344,-1.8546447,-1.2815521,-0.7195332,-0.02191993,0.7668075,0.99007,-0.43580785,0.057516932,-0.44026178,0.7051392,-0.45380652,0.3035342,-0.5560844,-0.5415493,0.7128683,-0.5410273,-0.64783704,0.571195,0.06334133,-0.28052735,0.19629404,-0.35445368,1.0262809,0.47190323,0.009280238,0.17031103,1.1840509,-0.87017715,-0.5987359,-0.080336,0.29327515,0.3224346,-0.52951103,0.09979217,-0.7376059,0.55351883,-0.070285484,-1.9440322,0.685986,0.34634873,-0.27633604,-0.21819213,-0.7071905,0.93121463,0.061674885,1.2979703,0.24939652,0.56274235,-0.13492566,-0.29147786,-0.11271393,-0.119664796,-0.08094013,-0.87099475,0.36470595,0.4680649,-0.5730621,-0.075288355,0.6668318,1.4329642,-1.3304437,-0.25400975,-0.612424
0.49340144,0.66139495,-0.12110636,0.576263,-2.0537007,0.2857808,-0.53239286,0.68581045,0.72002745,0.6633966,0.92389035,-0.21150383,-0.44928715,1.0024186,-0.14582546,-0.8018519,-1.210083,-0.07891776,0.6195379,-0.1159302,0.80157906,0.70280075,-0.50188196,-1.6984367,0.08356402,-1.4928012,-1.1757733,-0.61984754,-0.34231716,1.0063616,0.6151627,-0.87566644,0.4289611,-0.13591741,0.4897553,-0.6406484,0.28317326,-0.091585174,-0.30578825,0.74546665,-0.077855796,-0.052701443,0.20183942,-0.011853792,0.06916004,0.3384506,-0.25534055,1.2093875,0.3738302,0.34752315,0.14658333,0.9369434,-0.8081727,-0.610949,-0.2086903,0.5980787,-0.29845232,-0.45036793,-0.14330828,-0.7758538,-0.19026047,0.049881898,-1.096888,0.8406521,0.1390697,-0.024432141,-0.15150616,-0.5547232,0.6839301,-0.31727946,1.2041066,0.028505914,0.18022525,0.056690563,0.12130386,-0.004060373,-0.52883923,-0.26286042,-0.71563214,0.36875916,0.21356168,-0.24834123,0.07521197,0.3791681,1.3572416,-1.0541755,-0.5802343,-0.5299196
0.28602573,0.74176055,-0.10833178,0.2145572,-1.881754,0.42332768,-0.65245384,0.69905144,0.69833994,0.8728299,1.1914574,-0.27007785,-0.45521396,0.6373375,-0.09282057,-0.786755,-0.8624886,0.05195839,0.5833288,0.16949226,0.5884279,0.5932468,-0.12059979,-1.6200831,0.001439102,-1.129767,-1.1667396,-0.4266881,-0.4761496,1.3725479,0.4914554,-0.7657092,0.8758754,-0.18293321,0.45678422,-0.31116292,-0.22765851,0.39073816,-0.19150195,0.8631234,-0.15806636,0.1924957,0.3203249,-0.049721703,0.15067506,0.3212176,-0.4150757,0.94339806,0.35016334,0.43591195,0.07792675,0.8806936,-0.56874764,-0.67558086,-0.36488435,0.7029803,-0.22358987,-0.524935,-0.46192223,-0.8297621,-0.43327758,-0.2293716,-0.9047389,0.7939943,-0.14527646,0.17242305,-0.24206406,-0.50608075,0.54248923,-0.63627446,1.0971074,-0.088346645,-0.0593224,0.18153481,-0.053784605,-0.012286995,-0.5767145,-0.10514641,-0.72174275,0.3081557,-0.031052083,-0.066710986,0.20915844,0.18744099,1.1899647,-0.6838192,-0.684734,-0.37499195
-0.10809986,0.7961071,-0.1432508,0.08030893,-1.9966154,0.731866,-0.88028586,0.7487858,0.46511853,0.859342,1.4131842,-0.22573622,-0.3572602,0.33110487,-0.11990984,-0.82030356,-0.64045787,0.14105627,0.64961934,0.32352042,0.2526929,0.5673632,-0.006424271,-1.1762385,0.001731206,-0.9060399,-1.0507624,-0.22579616,-0.53645736,1.7388489,0.52378964,-0.6293218,0.9362669,-0.27417815,0.3578355,0.05652595,-0.5452933,0.5825615,-0.11999659,1.0572432,-0.3645599,0.043273978,0.48303995,0.14802217,0.002985865,0.28177547,-0.4752957,0.6955773,0.3845962,0.255615,0.23222941,0.7182111,-0.48210886,-0.73168796,-0.4030048,0.7522827,0.10391023,-0.72388685,-0.6671696,-0.79333144,-0.40108222,-0.71350366,-0.8589178,0.95895886,-0.37343052,0.20797552,-0.2483215,-0.30059245,0.24560905,-0.57262105,0.78971034,-0.23056602,-0.18394227,0.44819266,-0.413568,0.050955184,-0.5596753,0.02401324,-0.4466763,0.13673747,-0.29237127,-0.1661945,0.012345359,0.3301224,1.0777613,-0.2796073,-0.5796298,-0.23172152
-0.21191859,0.7271094,-0.08267448,0.28523427,-2.2301235,0.82009846,-0.8702671,0.7960379,0.28756106,0.67675877,1.4214343,-0.15559047,-0.31971425,0.22227563,-0.25802875,-0.9254718,-0.71461713,0.19194546,0.72031474,0.2038413,0.30052006,0.6753201,0.005717535,-1.0176234,-0.02610834,-0.94441146,-0.9275927,-0.1776949,-0.47471023,1.7087526,0.6365031,-0.6366085,0.9659953,-0.37990808,0.45321438,0.053331573,-0.51536626,0.5670563,-0.26913723,1.2503619,-0.48650166,-0.1270979,0.45014727,0.2788123,-0.07827729,0.25407386,-0.42137423,0.76489645,0.30255702,0.12428492,0.2757281,0.6937042,-0.46747306,-0.81567156,-0.51576346,0.5317216,0.24054036,-0.7976005,-0.7834672,-0.7362727,-0.23570138,-0.7755318,-1.095172,1.075187,-0.32446006,0.14911787,-0.15801275,-0.27907363,0.12656453,-0.5672314,0.74789333,-0.1327687,-0.10840059,0.45794007,-0.6070351,0.036896974,-0.47865796,0.07327072,-0.4070502,0.1972157,-0.27282062,-0.22701895,-0.18062016,0.305541,1.1719867,-0.20871907,-0.48529115,-0.18986055
-0.15075657,0.5237443,0.09311653,0.45229298,-2.2113488,0.87612635,-0.44477788,0.90213764,0.008498602,0.43840888,1.2226735,-0.24082763,-0.28833094,0.045069907,-0.5473703,-0.9610578,-0.7502401,0.25328535,0.9474191,0.05097521,0.27654427,0.8966013,-0.05146749,-1.088324,-0.18832481,-0.9512757,-0.7786348,-0.2306689,-0.37796268,1.5804322,0.54993224,-0.5579681,0.7715015,-0.29585165,0.5422749,-0.003570673,-0.46693218,0.7566312,-0.71243274,1.160806,-0.3029378,-0.069139086,0.5347301,0.28704345,-0.2610429,0.09710043,-0.41641834,0.7895013,0.22690606,-0.15971191,0.27857858,0.8197938,-0.55972755,-0.7630889,-0.7358139,0.15267256,0.28556624,-0.6860816,-0.5672637,-0.68499416,-0.019457262,-0.52972424,-1.4202039,1.079949,-0.16619596,-0.105909914,-0.13628554,-0.15548539,0.09367448,-0.74837446,0.9687308,0.2679049,-0.002490985,0.44105732,-0.7159557,-0.13878566,-0.4400695,-0.077193916,-0.54420954,0.33035365,-0.06429047,-0.25682414,-0.24062678,0.20566942,1.2925805,-0.4313892,-0.39735785,-0.27600527
-0.045052405,0.45922613,0.004189119,0.6632236,-2.3228238,0.7623541,-0.2926486,0.8022212,0.16513026,0.34603956,1.2882481,-0.27145833,-0.40943468,0.117555335,-0.5468391,-0.99439174,-0.84068775,0.1946167,1.0604148,-0.21896842,0.44950217,0.863844,-0.23386583,-1.0483085,-0.021521542,-1.2526759,-0.79941267,-0.2406478,-0.4235476,1.643861,0.7348622,-0.4450675,0.556865,-0.30545536,0.7569514,-0.043379642,-0.26324025,0.6750323,-0.7958121,1.0822864,-0.3559175,0.09413398,0.6591855,0.10567948,-0.1978554,-0.040228553,-0.56851983,0.8246762,0.31330615,-0.12620445,0.1371212,0.8256645,-0.3830302,-0.9786937,-0.5888981,0.06481171,0.08893254,-0.4061471,-0.35500827,-0.8939435,0.068071686,-0.36318973,-1.304952,0.9011448,-0.08548219,-0.27376258,-0.28888208,-0.12579778,0.36461264,-0.563072,1.2003018,0.34330434,0.083107,0.39942053,-0.5749723,-0.5308535,-0.23148143,-0.25537944,-0.7610902,0.5287411,0.020082481,-0.30523127,-0.33848727,0.18091962,1.507911,-0.73814934,-0.49505672,-0.24177514
0.13822716,0.2241606,0.083396934,0.27106476,-1.8485683,0.6126453,-0.1664063,0.8981789,0.3082222,0.34074935,1.2198578,-0.37380943,-0.4766635,0.302287,-0.6258043,-0.8427812,-0.91467345,0.36287612,0.94502336,-0.44959015,0.3877548,0.7549424,-0.7250442,-1.297793,-0.098748446,-1.3764708,-0.86579144,-0.3018363,-0.25238007,1.3069887,0.6870784,-0.11336371,0.28425798,-0.06507569,0.70392233,-0.075366616,-0.4307328,1.0207694,-0.8772019,0.7815672,-0.20837581,0.12917367,0.9004611,-0.32382923,-0.006068163,-0.1624333,-0.6136026,0.5693517,0.13576287,-0.18044531,0.07891852,0.8296845,-0.23334001,-0.920318,-0.31512955,0.069315985,0.24562159,0.055900272,-0.014374955,-1.0190719,0.058000475,-0.03280238,-1.2002285,0.7863955,-0.19931233,-0.42132217,-0.597617,-0.16122904,0.6263611,-0.58815974,1.3832479,0.41344306,0.16123298,0.3316584,-0.26768214,-1.099673,-0.49529123,-0.2721078,-0.93065584,0.52348566,-0.006929711,-0.59261453,-0.22689918,0.31437904,1.628362,-0.9976603,-0.658826,-0.49809697
0.26516643,0.1179558,-0.13489665,-0.024753032,-1.909152,0.41106212,-0.4225153,1.0822345,0.3043409,0.3921485,1.239611,-0.3932124,-0.45367342,0.23982994,-0.6085606,-0.7727765,-1.0140427,0.41240376,1.0575548,-0.50981015,0.271229,0.5381451,-1.0289885,-1.2670995,0.045919288,-1.4353158,-1.0133023,-0.20210126,-0.17876539,1.3180807,0.69561225,0.009178378,-0.084184036,-0.06265624,0.66075,0.042954966,-0.48912,0.9199482,-0.874064,0.61536324,-0.24706626,-0.038517904,1.168455,-0.31015104,-0.05538541,-0.05673267,-0.7570077,0.4315365,-0.051757388,-0.06371212,0.000171347,0.62460846,-0.15446636,-0.9438579,-0.026576407,0.24631256,0.59062713,0.42867365,0.16537783,-1.1506275,0.23002967,0.076198354,-0.8785605,0.7626435,-0.29897648,-0.59342223,-0.5357238,-0.034468696,0.78135115,-0.3370459,1.2423,0.17865992,0.21100844,0.111437425,-0.21983261,-1.3573188,-0.6121972,-0.29183334,-0.65893835,0.293048,-0.06852839,-0.82806367,-0.09232047,0.514696,1.5892358,-0.98920465,-0.7127352,-0.58418185
0.34322092,0.08743703,-0.6367914,-0.4200724,-1.8154389,0.36370498,-0.8882909,1.3936336,0.18982777,0.63238645,1.3092594,-0.27741137,-0.40637898,0.12071377,-0.6853375,-0.82488215,-1.1455222,0.5767293,1.1405853,-0.3131652,0.14406568,0.4137087,-0.89037853,-1.167879,0.43113247,-1.0617529,-0.7761581,-0.03420419,-0.4096448,1.2972963,0.37947768,0.17161229,-0.26526287,-0.1485283,0.54239386,0.31038338,-0.6802184,0.7500734,-1.0137801,0.3855771,-0.62829703,-0.37625435,1.2535576,-0.278714,-0.26890576,0.37086138,-0.707376,0.45688593,-0.38472328,0.34467274,-0.12915844,0.49671313,-0.25337303,-1.064199,0.014499821,0.48961744,1.0244849,0.29866955,0.16976072,-1.0589784,0.6997302,-0.012742125,-0.6237103,0.6793834,-0.41159856,-0.61867535,-0.25167805,0.201055,0.54424286,-0.19376819,0.90857065,-0.35949045,0.11404779,-0.07778906,-0.34154564,-1.3186837,-0.7957594,-0.083289474,-0.26162446,0.08508061,-0.37236238,-0.7388325,-0.15080553,0.76072997,1.2765473,-0.59965163,-0.8623737,-0.5459834
0.16379583,-0.01912401,-0.7024234,-0.53551245,-1.4482632,0.31460238,-0.9997133,1.5312594,-0.30004585,0.7776749,1.4226437,-0.15106463,-0.45804045,-0.15312703,-0.46683735,-0.7252935,-1.0849445,0.406197,1.265251,-0.22808692,-0.060293704,0.42218697,-0.8178628,-1.3073658,0.21102822,-0.95900506,-0.4993563,0.20408049,-0.32792404,1.1193349,0.29863697,0.24213788,-0.40256912,-0.27814746,0.4504039,0.19147766,-0.70260155,0.83774865,-0.92694086,0.20460786,-0.68212247,-0.39860198,1.2611725,-0.2912988,-0.15168232,0.38740933,-0.5858764,0.3921965,-0.36449087,0.20366317,-0.24535821,0.5270579,-0.3668324,-0.72356045,0.071833886,0.26252502,1.2345451,-0.10559388,0.07671553,-0.775531,0.8049623,0.05430135,-0.65641004,0.7093523,-0.49654883,-0.51501167,-0.36864072,0.3207635,0.36634392,-0.2251961,0.7032579,-0.3439077,0.21906887,-0.06916725,-0.34017634,-1.3325682,-0.7306293,-0.06556154,-0.53393656,0.07637821,-0.52982306,-0.79446113,-0.25663346,0.7698352,1.1214304,-0.41596794,-0.72076774,-0.40769926
-0.19478612,-0.22215308,-0.6559163,-0.39884835,-1.4765109,0.25567985,-0.9144295,1.5121014,-0.47346553,0.86677146,1.3262008,-0.26718137,-0.2424622,-0.29949912,-0.44668138,-0.5781649,-0.82560694,0.24036098,1.266838,-0.22930965,-0.07034746,0.6254934,-0.66922265,-1.548906,-0.18100126,-0.99227875,-0.2060042,0.0702363,-0.27081206,0.98304147,0.09230571,0.11622305,-0.2489793,-0.13057394,0.27144277,-0.1457449,-0.62683046,0.9247088,-0.70864314,0.4337841,-0.6645231,-0.21495521,1.0964158,-0.38327867,-0.1540518,0.21862881,-0.4231631,0.20819513,-0.010054283,0.22165133,-0.1850125,0.6654346,-0.5815676,-0.5093906,0.07554103,0.17707327,1.1092751,-0.27049148,0.07892079,-0.5872579,0.4059705,0.041467957,-0.77887195,0.8676478,-0.6402329,-0.3131055,-0.4906376,0.25369444,0.40065998,-0.5324474,0.7226729,-0.17989476,0.27421862,0.010356247,-0.26656038,-1.37608,-0.6374043,-0.005034201,-0.761476,0.2329196,-0.32955983,-0.8441462,-0.3690418,0.6109624,1.2616758,-0.35429636,-0.5879215,-0.38469103
-0.18641202,-0.26845533,-0.50329226,-0.23581606,-1.4800586,0.27911586,-0.5063413,1.570235,-0.3932126,0.67615485,1.2246271,-0.23076157,-0.20492502,-0.40362823,-0.5912678,-0.5226917,-0.8423052,0.31483698,1.2928776,-0.36395213,0.07186781,0.7054853,-0.61019504,-1.6720861,-0.39481932,-1.060271,-0.01691256,-0.041417487,-0.26859754,0.96658754,-0.13135219,0.056791272,0.08180374,-0.04674396,0.34682134,-0.43306246,-0.48710465,1.0601568,-0.6839518,0.51635593,-0.44739822,0.051009677,0.90689564,-0.4829011,0.020781897,0.20357308,-0.38586482,0.16789936,0.086206526,0.2898755,-0.21739484,0.83641475,-0.7250932,-0.41405767,-0.09585127,0.1701023,0.77023005,-0.1991104,0.07249278,-0.5602527,0.12383377,0.18482181,-0.86962414,0.837411,-0.62709904,-0.16243753,-0.6110796,0.07693673,0.5158131,-0.8035509,1.0282375,0.08182691,0.22439297,0.2173712,-0.094875365,-1.3760482,-0.6951382,0.11660449,-1.0305666,0.4336712,-0.18225567,-0.61505204,-0.26092553,0.33685583,1.3502163,-0.3766743,-0.645285,-0.38024986
-0.07037836,0.009531642,-0.56222886,-0.000890134,-1.618979,0.5592558,0.14279264,1.8310738,-0.3346988,0.24831465,0.6903086,0.20258316,-0.17034438,-0.28791237,-0.79294837,-0.76891214,-0.95874953,0.4216557,1.756317,-0.54479665,0.062291607,0.75954056,-0.62184227,-1.4746091,-0.2851264,-0.8496855,0.21112987,0.46201757,-0.37115818,1.0681717,0.018197726,0.14801784,0.18214995,0.021725565,0.25479534,-0.67365813,-0.22915784,1.1841567,-1.0754764,0.30216134,-0.57512563,0.12722999,0.5126567,0.08655175,0.15541542,0.52986014,-0.74795395,0.5851277,-0.6898464,0.66296566,-0.34059554,0.9225274,-0.5513203,-0.4371481,-0.36785904,0.39643484,0.48674196,-0.12411505,-0.07580092,-0.6537746,0.099200614,0.1794726,-0.8517176,0.57595843,-0.23961651,-0.08852735,-0.34707168,0.19834965,0.4280024,-0.48163813,0.9007537,0.15037785,0.10593593,0.31541836,-0.14644238,-1.0907215,-0.93029696,0.21363685,-0.5891763,0.33863255,-0.23562244,-0.58953625,-0.017473996,0.16608176,0.9178298,-0.008620753,-0.64745533,-0.62125444
-0.14670919,0.052007146,-0.4978158,-0.042330965,-1.8162041,0.5630476,0.3989411,1.7002904,-0.35906148,0.05739557,0.5761249,0.3068708,-0.10372862,-0.32942215,-0.71268594,-0.87980354,-1.0304542,0.4005463,1.7157176,-0.5364712,-0.022044161,0.6583544,-0.7712816,-1.3575295,-0.24361321,-0.87394136,0.16986817,0.3267692,-0.33731535,1.0170681,0.17173138,0.10425758,0.35091206,0.07293839,0.28579205,-0.5291155,-0.14103585,1.2768679,-1.0492333,0.2573438,-0.44087315,0.059471555,0.3794805,0.051224276,0.3278318,0.5869168,-0.8200399,0.68618286,-0.7004142,0.537389,-0.26645994,0.9129476,-0.4623739,-0.5540586,-0.30159828,0.45533913,0.41301948,-0.01373481,-0.15256745,-0.4602903,0.14076534,0.15213263,-0.7547609,0.57663834,-0.24505511,-0.1816358,-0.33037856,-0.032487452,0.4207165,-0.42936808,0.9067808,0.03139063,-0.008885803,0.32345372,-0.003732167,-1.2666876,-0.7902869,0.22961596,-0.60151833,0.2328175,-0.23294228,-0.571118,0.10251197,0.30949304,0.8339391,-0.17951478,-0.70029104,-0.6478505
-0.12417302,0.0469108,-0.5680672,-0.15874575,-1.9194237,0.47744328,0.36673912,1.4857358,-0.2699641,0.10125622,0.6238141,0.32945678,-0.05451882,-0.4253121,-0.58943474,-0.92529976,-0.97479856,0.47842777,1.5538851,-0.45418084,-0.013351521,0.4586479,-0.6881749,-1.1987407,-0.16366573,-0.8077376,0.048243627,0.109121844,-0.5568768,1.0603576,0.23701826,0.027092155,0.5995966,-0.125813,0.3307261,-0.15915088,-0.30978698,1.2671272,-0.9382349,0.34792268,-0.2659228,-0.0417006,0.43765658,0.11055726,0.3322047,0.6099156,-0.7290822,0.69537866,-0.56638926,0.49690312,-0.2727656,0.83970326,-0.32555792,-0.667083,-0.2634776,0.51547414,0.30544332,0.072361484,-0.3569874,-0.4485517,0.28332737,0.008515842,-0.55100644,0.58528477,-0.32068914,-0.2602423,-0.31140712,-0.12248377,0.25965232,-0.4284408,0.9244036,-0.16928194,-0.0888435,0.270747,0.112375885,-1.3110118,-0.6193382,0.07581626,-0.6131602,0.24812281,-0.29503247,-0.5053868,0.11168586,0.41234502,0.9054091,-0.39007464,-0.7440002,-0.462707
-0.012101062,-0.17113021,-0.59960985,-0.63562036,-1.7785082,0.39692795,0.12513696,1.4130198,-0.1612906,0.37733403,0.81036544,0.3677933,-0.12623976,-0.43444055,-0.45645818,-0.8195597,-0.9433006,0.6334792,1.2495804,-0.26750296,-0.007950109,0.20443061,-0.78759706,-1.0845546,-0.29253837,-0.6573754,-0.04680842,-0.0789938,-0.48428506,0.77700305,0.39121327,0.2901355,0.5920984,-0.17142124,0.42367417,-0.047969256,-0.57270616,1.1831653,-0.9251888,0.53533864,0.026281111,-0.23527458,0.658172,0.07252323,0.1379723,0.42120096,-0.56925035,0.41474202,-0.52193266,0.26477334,0.014438462,0.6677885,-0.28456223,-0.839458,-0.14608844,0.58255273,0.53711456,0.20182902,-0.41957244,-0.6417825,0.5570836,-0.038584482,-0.5625187,0.6607803,-0.4678772,-0.47535735,-0.44219273,-0.3612293,0.14653264,-0.25063783,0.8690083,-0.3029396,-0.08275173,-0.05493007,0.25365764,-1.2471616,-0.5046582,0.10422011,-0.6391421,0.10514727,-0.30097026,-0.5735331,-0.05717103,0.6308761,1.0740602,-0.54702806,-0.9751371,-0.346188
0.032036677,-0.09885169,-0.7281954,-0.49816486,-2.1658428,0.28927392,-0.48525268,1.0389123,-0.043844018,0.52982795,0.5944922,0.20028564,-0.14317438,-0.14621301,-0.52459484,-0.9932803,-0.8009443,0.37866735,1.0994737,-0.08390424,0.25122458,0.3509383,-0.7197057,-0.86216027,-0.013913874,-1.0065223,-0.29375327,-0.060846716,-0.5859696,0.94260436,0.53241265,0.21587062,0.4965607,-0.029112808,0.5899712,0.14459926,-0.48367554,0.69461876,-1.1062113,0.9319756,-0.27611446,-0.46654317,0.77352023,0.21547747,-0.2610848,0.30283958,-0.5187644,0.49163944,-0.222622,0.4810815,0.12619157,0.6583663,-0.3555078,-0.93099654,-0.46254322,0.7166368,0.63932383,-0.051774867,-0.34973362,-0.7587473,0.76907456,-0.26482636,-0.7864928,0.7348224,-0.32433876,-0.41943035,-0.29912338,-0.36428922,0.2736488,-0.3106696,0.8583328,-0.30267432,0.07793764,-0.30343443,-0.05491124,-0.9562284,-0.29559076,0.02582891,-0.41684043,-0.092510566,0.022093162,-0.58975536,-0.14372899,0.7294722,0.95204127,-0.70483583,-0.66428363,-0.42586833
-0.021374546,-0.09326269,-0.94595015,-0.3688746,-2.5045664,0.15262738,-0.92495626,0.7875832,-0.0893907,0.6402757,0.84982646,-0.001530577,-0.111766756,-0.02880196,-0.4627108,-0.8160259,-0.6081444,-0.11403106,0.79978305,0.09070298,0.43311772,0.51157916,-0.614664,-0.79936,0.16722545,-1.4191178,-0.5009094,-0.27918062,-0.44764376,1.0764728,0.55590236,0.13067003,0.38868394,-0.10569752,0.6471715,0.07876006,-0.29958692,0.12008228,-0.67711866,1.3491,-0.480575,-0.73791534,0.9105687,0.18443216,-0.6527796,-0.0881919,-0.32739177,0.059176262,0.6237652,0.36839968,0.40943915,0.7830327,-0.5229512,-1.0220883,-0.3906071,0.70427144,0.64175737,-0.38405746,-0.18603002,-0.7206631,0.6030188,-0.4722314,-1.0798229,0.92671293,-0.49733132,-0.37456423,-0.05257518,-0.2518327,0.4256374,-0.25967398,1.1081326,-0.035158034,0.42291203,-0.15090388,-0.24496052,-0.65064764,0.064154714,-0.12908454,-0.44436818,-0.07921581,0.15605575,-0.5579257,-0.25986475,0.86657715,1.0793723,-0.8907421,-0.3397939,-0.31858078
-0.2529198,0.07583566,-0.71514314,0.3697957,-2.6169374,0.20728321,-0.86060053,0.6957189,-0.16966219,0.5057882,1.1526558,-0.14123611,0.06260449,-0.082394876,-0.3068853,-0.7225511,-0.84969556,-0.081372015,0.9193695,-0.18353581,0.6677534,0.9344068,-0.60503334,-0.8236035,0.16182257,-1.6392908,-0.6339219,-0.43972418,-0.5164045,1.197243,0.708872,0.05213852,0.3747654,-0.23229179,0.58503485,-0.14245525,-0.32629356,0.10031352,-0.53558874,1.2512966,-0.4728419,-0.43785697,0.8512951,0.023152996,-0.46764094,-0.058866248,-0.3936477,0.007805858,0.82782435,0.1156855,0.23166543,0.86755973,-0.64054245,-1.001676,0.041650616,0.80361354,0.5013232,-0.38769153,-0.002351321,-0.81464535,0.33152246,-0.55639976,-0.9593526,1.1121259,-0.39974675,-0.2851865,-0.11080658,-0.10062408,0.62452406,-0.27372044,1.3092915,0.07372999,0.4064663,0.027410116,-0.26641423,-0.88495475,-0.006299548,-0.36580873,-0.6054805,0.14752398,0.024996616,-0.4878496,-0.42331332,0.5530536,1.1963104,-0.7566565,-0.30808556,-0.21205506
-0.23463863,0.28157434,-0.7440001,0.49929455,-2.6349943,0.61015207,-0.6109511,0.7811054,-0.12449725,0.34074348,1.5187898,0.07554514,0.20421772,-0.22946295,-0.33555076,-0.8187506,-1.0693601,0.19446734,0.8560673,-0.043141797,0.43714574,0.8139506,-0.62797856,-0.86411273,0.30171007,-1.55967,-0.6570655,-0.5697006,-0.5941005,1.3504405,0.81925786,0.012558647,0.45109418,-0.2752996,0.43778875,-0.45308343,-0.5069878,0.15818593,-0.33362666,1.0755306,-0.0875595,-0.34076458,0.84218144,0.06555929,-0.17654812,-0.09614043,-0.440976,-0.11422163,0.8954757,0.050549496,0.41512254,0.63699794,-0.46991235,-1.120897,0.30216014,0.87516147,0.5716777,-0.13986677,-0.023014372,-0.84302783,-0.019925207,-0.5437508,-0.77436405,1.0663453,-0.43252617,-0.47764555,-0.002994113,-0.24603805,0.5799276,-0.16358207,1.2528203,-0.08033398,0.35912225,0.27753678,-0.022353102,-0.8909042,-0.093533285,-0.44615948,-0.5744742,0.08141221,-0.1652877,-0.41153634,-0.49872306,0.47115234,1.5813549,-0.6475612,-0.40262505,-0.10856962
-0.84023035,0.21620943,-1.0223836,0.7987025,-2.6973362,0.3242193,-1.3610662,0.91631556,0.21084827,0.39575198,1.2677909,0.08336862,0.19995685,0.16028453,0.234164,-0.5929076,-0.7357619,-0.0408386,0.26207846,0.048855137,0.114021905,0.32760704,-1.0793129,-0.6878822,-0.057635248,-0.9302259,-0.7236323,-0.5582721,-0.89749676,1.57036,0.3729084,-1.0740587,0.89606667,-0.7008919,0.4223891,-0.39235944,-0.36330485,0.4454919,0.20909119,0.7863469,-0.6806046,-0.77644247,0.066609636,1.0023886,-0.29063016,-0.22803694,-0.0857211,0.9759614,0.33985606,-0.3384784,0.6364844,-0.077692084,-0.041878898,-0.6170965,0.07948264,0.32820025,0.8267813,-0.64103484,-0.60193235,0.08552326,0.06517983,-0.43609506,-0.3529526,0.74473846,-0.66719663,0.68732154,0.5650842,-0.007002354,-0.44084516,0.69990104,-0.43005055,-0.18315661,0.15826012,0.6730052,-0.55145484,-0.48739412,0.099679045,-0.14056514,0.3066303,-0.55620444,-0.49272892,-0.35973158,-0.4058073,0.5453129,1.536025,-0.2971057,-0.27521944,0.14153673
-0.8244373,-0.000719635,-1.1156653,0.7062039,-2.578936,0.31603062,-1.3552237,1.0013778,0.2694477,0.5024415,1.1793187,0.20556232,0.08645633,0.09283286,0.13692927,-0.5432673,-0.6262268,0.03531509,0.16908464,0.22588302,0.09733556,0.15938988,-1.1669186,-0.660565,-0.15289643,-0.8063815,-0.66680086,-0.5627707,-0.9749619,1.5135624,0.26628852,-1.067276,0.93056947,-0.8122655,0.3900983,-0.41099724,-0.4097455,0.5072657,0.18401884,0.8210871,-0.64481604,-0.7188056,0.094521075,1.0536561,-0.3270821,-0.27642992,-0.040448107,1.010265,0.21990816,-0.36912662,0.6834426,-0.10125572,-0.020337114,-0.46833143,-0.04303428,0.32164705,0.70237815,-0.6494245,-0.6849195,0.21269318,0.12216882,-0.3824371,-0.39801416,0.62295824,-0.58547944,0.76017,0.59231824,-0.065750994,-0.59216124,0.71933395,-0.5708767,-0.2610416,0.180969,0.5781929,-0.5873317,-0.32929772,0.11948596,-0.024491675,0.32475245,-0.69382155,-0.4011283,-0.3513553,-0.4646487,0.5117748,1.5752919,-0.24632074,-0.2914966,0.17448731
-0.009373419,-0.20199788,-0.60857856,-0.54641104,-1.6523895,0.76002467,-0.46936,1.5108757,0.6750031,1.0412356,0.6967586,0.56211954,-0.9737622,-0.036136903,-0.41582644,-1.242005,-0.69031036,0.22935447,0.45331872,0.7849828,-0.050965182,0.29699844,-0.7067942,-0.49876472,-0.20202364,-0.7523278,-0.40337175,-0.01107635,-0.6774184,1.2454028,-0.06831277,0.53542286,0.07879109,-0.5589143,-0.15634346,-0.6440566,0.08077417,0.12741295,-0.77001107,1.7659332,0.029349543,-0.68679386,0.5232785,0.5866369,-0.9001931,-0.5752641,0.27613872,0.47234392,0.4132872,-0.31406432,1.2017975,-0.09320333,-0.1872574,-0.5054289,-0.8269126,0.6734134,0.2510709,-1.0795853,-0.95721436,-0.20776775,0.4927365,-0.25566638,-0.86833555,1.1867927,-0.12824851,-0.58227247,0.10739251,-0.19228783,-0.088677,0.34134066,0.64250195,-0.47548696,0.80425036,0.25996953,-0.19234236,0.6316563,0.061894238,0.4754386,-0.21025358,-0.38945347,0.24463254,-0.40252128,-0.6165252,0.9078897,0.9269019,0.2251539,-0.7515769,-0.21917321
-0.013434663,0.18045731,-0.708192,-0.17455637,-2.0640883,0.75072503,-0.6131817,1.0770793,0.53312707,1.0291587,0.7881566,0.52645916,-0.811998,0.100428015,-0.6540358,-1.4096203,-0.47419724,0.23588613,0.8208822,0.81024027,0.2785511,0.45806,-0.5035128,-0.43166113,-0.22218719,-1.056688,-0.5550594,-0.20448682,-1.1229854,1.2930179,0.09511845,0.5146769,0.37922987,-0.3941647,0.0673765,-0.61581504,0.22155851,0.277818,-0.926266,1.6304245,0.21743068,-0.44479716,0.6367433,0.554137,-1.1305773,-0.31679747,0.045753174,0.6513693,0.26212686,-0.14331943,0.8847048,0.4529366,-0.6357098,-0.54190123,-1.1229836,0.80758256,0.1178106,-1.0783615,-1.0644045,-0.32524845,0.43530208,-0.38866872,-1.0074742,1.1345558,0.14734009,-0.11469929,-0.034487106,-0.26893678,-0.14745277,0.07678267,0.69362664,-0.026713151,0.53363556,0.32986495,-0.40742576,0.6176678,-0.07709218,0.3832908,-0.33961862,-0.35175896,0.1822111,0.078736715,-0.48227683,0.9996062,1.0260048,-0.004727414,-0.49282953,-0.2545351
0.38439575,0.34184727,-0.5513395,-0.21985874,-1.9106618,0.2246191,-0.2521175,1.0225347,0.162498,1.0059487,0.6304388,0.609546,-0.70718443,0.1769245,-0.7002627,-1.1253184,-0.6303297,0.05519741,0.97091144,0.8561186,0.11025604,0.5780877,-0.4223617,-0.9839917,-0.4887543,-1.0610654,-0.5362737,-0.102682196,-0.54231775,1.1377025,0.16376662,0.32308412,0.463527,-0.38270935,0.11201791,-0.9811179,0.19134295,0.34154722,-1.144989,1.383169,0.41635078,-0.11326679,0.8191049,0.54246676,-1.0022931,-0.39668003,0.047593705,0.44233882,-0.070824124,-0.2672521,0.5477773,0.9345937,-0.45743287,-0.3017172,-1.2714696,0.34974378,-0.034516517,-1.0168763,-0.83959424,-0.5756387,0.34559497,-0.017311722,-1.337753,1.19168,0.38725522,0.09504981,-0.15860978,-0.14026767,-0.16401899,-0.14232855,0.87166905,0.33642554,0.7301608,0.29288286,-0.6510419,0.7791757,-0.4272846,0.19771986,-0.5463424,-0.23192269,0.2929269,-0.2442641,0.1897558,0.7535631,1.025129,-0.2179377,-0.17000814,-0.39653847
0.29536432,0.44672728,-0.6047546,-0.007468397,-2.1537423,0.029306136,-0.20136237,0.9421622,0.11651765,0.8516376,0.49455145,0.6067188,-0.30190045,0.13746516,-0.6639696,-1.0488437,-0.5176983,-0.15618086,1.0563701,0.69465095,0.052349716,0.6299707,-0.49652752,-1.0987227,-0.4500878,-1.1230187,-0.49853277,-0.14180513,-0.33834445,1.092541,0.22805044,0.3210835,0.6080588,-0.3219416,0.002796352,-1.0988227,0.22392726,0.27628493,-1.1785465,1.2967618,0.14584643,-0.2279053,0.7535734,0.81589824,-0.85834163,-0.40666908,0.03549681,0.296577,-0.030964963,-0.1692429,0.5496963,1.0789217,-0.5123971,-0.46860364,-1.0786905,0.2067087,0.005287483,-0.8247782,-0.71921444,-0.53868276,0.34856376,-0.113648236,-1.393897,1.1958168,0.45890737,0.17871064,-0.26347563,-0.16995987,-0.12118532,0.039638087,0.8341196,0.4554374,0.78210217,0.40482882,-0.6919439,0.63244015,-0.2825168,0.14539054,-0.42625213,-0.17462592,0.2822734,-0.3776108,0.252744,0.86857134,0.9198907,-0.32775524,0.06185811,-0.4286974
0.21150622,0.4969965,-0.6605114,0.10903226,-2.5137773,-0.040090263,-0.15489992,0.99872714,-0.049705382,0.66967666,0.5220984,0.68164265,0.005515922,0.03901797,-0.60395133,-0.8962884,-0.57287586,-0.15538538,1.2564324,0.45056024,0.10078174,0.5965101,-0.5517972,-1.0723749,-0.47687396,-1.1320393,-0.37461928,-0.16534239,-0.20650855,0.97458225,0.38760248,0.36660823,0.7182326,-0.32161188,0.00018242,-1.1165963,0.28621098,0.23008922,-1.1534353,1.2781287,0.07722887,-0.31453386,0.68387353,0.9705457,-0.7591311,-0.42862955,0.03630634,0.31966907,-0.061123945,-0.06561348,0.5273231,1.0537157,-0.3621679,-0.5970799,-0.8915591,0.21069357,0.108686455,-0.5012454,-0.72574514,-0.62542677,0.3024794,-0.17572938,-1.3551003,1.1157762,0.3889136,0.11523861,-0.30114925,-0.33046016,-0.094190404,0.2096305,0.75639457,0.38770726,0.7466376,0.42157647,-0.58754534,0.38102293,-0.17065519,0.13251136,-0.33712608,-0.10840689,0.23487532,-0.4353223,0.34443036,0.9492785,0.9638673,-0.4765448,0.060919598,-0.3400078
0.023449466,0.53705627,-0.73218673,0.23390406,-2.884581,0.059793323,-0.22648291,1.0157071,-0.256699,0.43097344,0.6156224,0.907657,0.20828292,-0.23725852,-0.54550505,-0.8617802,-0.5820682,0.2507127,1.1773847,0.36456198,0.09106993,0.35954943,-0.4822766,-0.90386134,-0.51358914,-1.0244914,-0.31693324,-0.19198918,-0.30854344,1.0205588,0.67132163,0.3663617,1.0146527,-0.46715608,0.1453794,-0.92955804,0.004352026,0.24123284,-0.9714397,1.4687328,0.2516759,-0.2718668,0.553121,1.1212732,-0.61881864,-0.4887574,-0.019140594,0.41824558,-0.13947946,-0.17066778,0.45287243,0.9700277,-0.038341854,-0.60566634,-0.66411895,0.353452,0.31779015,-0.12553082,-1.0105789,-0.5137245,0.2661369,-0.3691338,-1.2406783,0.9557619,0.14868164,0.14317012,-0.30109772,-0.6193288,-0.2357191,0.26703888,0.50585,0.21382879,0.6561593,0.44688034,-0.5882405,0.2558906,-0.13614365,0.23862222,-0.24115558,-0.24735765,0.08804608,-0.31375995,0.301454,0.8313784,1.2713592,-0.5293013,0.18096305,-0.15453431
0.052396722,0.2692124,-0.7339806,0.1731703,-2.9961278,-0.014472552,-0.5277594,0.89190876,-0.59760714,0.4170643,1.1160804,0.988463,0.059219006,-0.6414631,-0.53065556,-0.6064608,-0.5737363,0.27071574,0.9310071,0.5676652,0.24336436,0.2493903,-0.51895523,-0.57168204,-0.43190542,-1.1373161,-0.3281686,-0.491257,-0.29581574,1.05649,0.83991164,0.016976103,0.9888552,-0.68404037,0.5465784,-0.6435144,-0.321694,-0.023571964,-0.5650614,1.7192678,0.34995458,-0.5007529,0.6955812,0.9247573,-0.5237341,-0.5119178,-0.01437211,0.16488707,0.36223754,-0.36455184,0.3335759,0.9385546,-0.13453987,-0.40149477,-0.3076875,0.37627277,0.5433157,-0.1138439,-0.9070349,-0.42076558,0.33188114,-0.45154732,-1.2739698,0.88420796,-0.21293628,0.09639105,-0.29275656,-0.8018402,-0.049493913,0.029365279,0.6466868,0.051801626,0.6382962,0.4929737,-0.57990795,0.05431976,0.13688263,0.054496597,-0.4098298,-0.42021695,0.006694108,-0.44894475,0.09520248,0.7637569,1.6137512,-0.82165253,0.32422513,0.1762949
0.08801513,0.09469902,-0.68046844,0.028330611,-2.7309725,-0.076665446,-0.40263078,0.7858455,-0.62051654,0.4182272,1.0145094,0.8886569,-0.10882494,-0.35489112,-0.51279163,-0.41368926,-0.58044755,0.0811406,0.9074967,0.4573404,0.39167523,0.3341261,-0.32502106,-0.63396245,-0.47976723,-1.167687,-0.5123033,-0.45310712,-0.30345055,0.8458199,0.8455857,-0.35106778,1.0821419,-0.71606696,0.58640796,-0.6153973,-0.33914822,0.004642468,-0.44609404,1.5698825,0.32998258,-0.53093916,0.5723336,0.7596456,-0.4006586,-0.40035102,0.015759833,0.24808012,0.45029938,-0.28411108,0.326832,1.013104,-0.39015323,-0.24520609,-0.33375576,0.37006447,0.2879025,-0.26309252,-0.75271016,-0.3288056,0.34355155,-0.44956607,-1.3132049,0.9608601,-0.19647545,0.17220072,-0.3365612,-0.79892176,0.04074083,-0.2550515,0.8627066,0.28343055,0.6079421,0.5123678,-0.46512687,0.045720764,0.10583028,-0.28895536,-0.5443102,-0.36751574,0.04485797,-0.47103652,0.12792394,0.6155236,1.6236416,-1.0139694,0.17048147,0.14962444
0.16421661,0.0192175,-0.6960455,0.11187122,-2.6412692,-0.18154445,-0.3464874,0.58620507,-0.38881275,0.45995882,0.9737824,0.6182754,-0.357681,-0.07980561,-0.38524958,-0.3170012,-0.5952736,-0.1473962,1.0423677,0.3372932,0.79138875,0.49489152,-0.12845214,-0.7663257,-0.26523548,-1.1985387,-0.5862499,-0.26727396,-0.44168207,0.87186354,0.75643575,-0.6108965,1.1456158,-0.62384844,0.6759679,-0.45946288,-0.18526074,-0.0493283,-0.44491926,1.4138107,0.12902403,-0.47963607,0.5260782,0.39883816,-0.1504415,-0.07416302,-0.15803376,0.47373128,0.59163296,0.11981481,0.07505365,1.0899123,-0.58805186,-0.41098347,-0.33389324,0.39733154,-0.07211003,-0.51689994,-0.6045148,-0.25133505,0.30234352,-0.4420481,-1.229734,1.0296313,-0.1863651,0.20477487,-0.2202807,-0.620431,0.28422934,-0.48617476,1.2140491,0.3816737,0.4754453,0.1922902,-0.3905536,-0.26245886,0.19337425,-0.47394082,-0.54380244,-0.07547847,0.03246572,-0.33576313,0.26727617,0.57955277,1.390739,-1.0572647,-0.036195338,0.2458398
0.3042365,-0.030515065,-0.71308947,-0.11950139,-2.3501232,-0.1687614,-0.17770457,0.6069528,-0.28576267,0.5307293,1.1651466,0.49274752,-0.38367322,0.022087108,-0.3325779,-0.24963543,-0.75631905,-0.17407182,1.1584598,0.25986713,0.6378253,0.5010403,-0.3207684,-0.9263026,-0.12705061,-1.2193892,-0.6029081,-0.29519147,-0.42150843,1.0467865,0.61189127,-0.66481555,0.89958453,-0.38784963,0.59952664,-0.3504259,-0.15199336,0.13431802,-0.36938602,1.1410226,0.20224974,-0.32703552,0.820559,0.001872003,-0.0981244,0.052592445,-0.18380499,0.3010126,0.65869164,0.19836047,0.077176124,1.0499449,-0.69786173,-0.47602668,-0.25546357,0.49853808,-0.095836714,-0.5617442,-0.32255766,-0.4421051,0.21786535,-0.3875632,-0.9673679,1.0136344,-0.17609337,-0.03072675,-0.34860078,-0.31860194,0.42366347,-0.5133012,1.510091,0.32893708,0.36486164,0.2707756,-0.20511033,-0.46786624,0.041585326,-0.46105096,-0.59936744,0.04075998,-0.06907867,-0.35445142,0.30452663,0.68653816,1.3284916,-1.0141017,-0.3781069,0.25631833
0.24551308,-0.08805473,-0.63952786,-0.4917808,-1.9612184,0.2529902,-0.016236488,0.9759708,-0.11016439,0.47694108,1.1756742,0.2903277,-0.2521102,-0.001694422,-0.41239372,-0.46675003,-1.0757803,0.13501555,1.3833978,-0.0200103,0.43302906,0.6245201,-0.5705793,-1.2481602,-0.14647916,-1.0443143,-0.3189876,-0.15272287,-0.48071218,1.2212005,0.31203416,-0.2997178,0.54454386,-0.003199674,0.33353272,-0.30385354,-0.08656932,0.5246083,-0.71681416,0.85045534,0.24307868,-0.20901461,1.1903013,-0.27585918,-0.17865723,0.1847812,-0.36953306,0.08228937,0.49404845,0.33191592,-0.01695333,1.0372394,-0.63328016,-0.5227571,-0.21065763,0.65736556,0.08769982,-0.4612222,-0.16439897,-0.89451027,0.05529947,-0.3002142,-0.78083354,1.1135653,-0.063633926,-0.378374,-0.4919433,0.1369835,0.5114593,-0.4877038,1.6534339,0.24227603,0.20275412,0.3687632,-0.17190573,-0.7157454,-0.43243188,-0.23693644,-0.74105376,0.37055805,-0.22122741,-0.5677457,0.23862113,0.8691615,1.0685309,-0.50159687,-0.7252505,0.084564604
-0.09061142,-0.004321077,-0.52681917,-0.50874186,-1.9582454,0.32791382,-0.31412578,1.237907,0.046666995,0.35051385,0.58616614,0.21288069,-0.12039477,0.036733527,-0.7311895,-0.67028743,-1.1357124,0.21493295,1.3072692,-0.22489929,0.5305304,0.6463629,-0.67856365,-1.2798371,-0.54243004,-0.87789845,-0.24280491,0.00577588,-0.29358843,1.3587565,0.11586327,-0.07235188,0.5919639,0.067150824,0.3811926,-0.4317067,-0.036156632,0.57332087,-1.0085099,1.1081687,-0.058761742,-0.39298853,1.2120126,0.046392635,-0.65446603,0.037384283,-0.25685352,0.33045846,0.1388481,0.4190073,-0.19999358,1.3500661,-0.768379,-0.23372677,-0.4472337,0.44196257,0.22103882,-0.7790942,-0.45014265,-1.0206462,0.13711879,-0.314495,-1.2254026,1.3320544,0.2707384,-0.101246774,-0.35699746,0.25750726,0.36861888,-0.365395,1.3436626,0.48305783,0.19678064,0.27414024,-0.57576907,-0.43567514,-0.3485149,0.07976085,-0.5947968,0.47692922,-0.26932997,-0.74050176,-0.12535036,0.9056626,0.98712295,-0.17761518,-0.4953824,-0.12811449
-0.059816003,0.013910146,-0.29372793,-0.5658962,-1.8260785,0.44996095,-0.013014521,1.3048744,0.103464454,0.39915502,0.4423798,0.124963254,-0.20458144,-0.06106792,-0.8608536,-0.78817165,-1.025628,0.42104113,1.1489779,-0.2551868,0.40462017,0.7270839,-0.9468276,-1.3167886,-0.88569534,-0.78084904,-0.19811392,-0.04897271,-0.36372417,1.1906564,0.21572194,0.19921966,0.54327685,0.001157567,0.44707367,-0.47057122,-0.1621258,0.8863105,-1.2559034,1.1817669,0.12980404,-0.2803318,1.0827513,0.16911949,-0.7371401,-0.21254385,-0.1674945,0.4860947,-0.062206827,0.031868502,-0.103923716,1.3474681,-0.6870102,-0.18488812,-0.6381746,0.32190624,0.43562734,-0.6673133,-0.71400523,-1.0166012,0.34951672,-0.21133004,-1.3753632,1.1796974,0.323008,-0.15150976,-0.42842054,0.10408821,0.037019126,-0.18939522,1.2124343,0.5538385,0.19401072,0.12631454,-0.5469328,-0.36874342,-0.35478318,0.276158,-0.6706737,0.5001322,-0.1858505,-0.6774494,-0.34472483,0.9573834,1.1884496,-0.18158858,-0.47703615,-0.21937953
0.015708081,0.10920304,-0.15376748,-0.0964083,-1.8864002,0.4980814,0.18809603,1.098899,0.12772124,0.5111811,0.44460276,0.14170636,-0.22080562,-0.12982196,-0.8332701,-0.99581736,-0.73643637,0.40238714,0.9631755,-0.053033963,0.35414085,0.8754196,-0.88429445,-1.1629431,-0.91183436,-0.89771646,-0.2085883,-0.27783555,-0.5644093,1.1817565,0.24544242,0.1743304,0.7021366,-0.0974848,0.43265462,-0.56487215,-0.13138595,0.8885907,-1.3391172,1.3210921,0.16559097,-0.10704938,0.8349817,0.32722145,-0.81329757,-0.4935386,-0.048133023,0.36375174,0.098799326,-0.29189384,0.11271711,1.3564837,-0.5654066,-0.15468735,-0.83257717,0.2803293,0.21952692,-0.70545816,-0.89150107,-0.83366483,0.13915002,-0.2526823,-1.4529864,1.0663037,0.40654573,-0.06968047,-0.41282174,-0.006447032,-0.08548986,-0.2773862,1.2572957,0.6802317,0.3278803,0.3702845,-0.5873962,-0.039048374,-0.16398895,0.2269809,-0.7172619,0.4940314,-0.08914831,-0.4362387,-0.4242005,0.69448876,1.233336,-0.26635498,-0.24042973,-0.23469709
0.27201894,0.2251924,-0.2862244,0.25280702,-1.9366386,0.5927021,0.45587936,0.9493091,0.1581502,0.6223295,0.5510397,0.26673874,-0.30050796,-0.2058682,-0.86368513,-0.87981695,-0.45656207,0.44460833,0.917959,0.22308409,0.16968597,0.7503486,-0.7605152,-1.1648039,-0.7511685,-1.0345918,-0.27856848,-0.4275652,-0.5958803,1.208456,0.18288666,0.085379675,0.75795454,-0.028136794,0.29893994,-0.8276789,-0.16305366,0.714992,-1.0452176,1.3270458,0.31805497,0.051317714,0.6398797,0.36172658,-0.6183146,-0.6061176,0.0326434,0.05955529,0.32174045,-0.42285872,0.43239775,1.2014223,-0.6883051,-0.17991939,-0.88121647,0.352566,-0.069903344,-0.53855383,-0.80168843,-0.5826145,-0.1068075,-0.21178372,-1.4081304,0.9282683,0.36524677,-0.06081483,-0.17061028,-0.19673982,-0.08320341,-0.18538594,1.231853,0.7267234,0.6233575,0.55734646,-0.4863837,0.1064473,-0.2084246,0.10974893,-0.64927113,0.2747738,0.0021149,-0.34754735,-0.25060987,0.46636367,1.4058194,-0.3112309,0.054145165,-0.11223053
0.2856961,0.2878495,-0.24052459,0.35276926,-1.9300821,0.57511,0.47294837,0.8313697,0.20218337,0.6603267,0.48175195,0.26378778,-0.3196992,-0.05234091,-0.6799122,-0.8856143,-0.4625562,0.3621302,0.956115,0.20470656,0.0563047,0.8002387,-0.50271124,-1.2000273,-0.72699285,-1.0208063,-0.40067798,-0.31847307,-0.6668773,1.1477613,0.110999204,0.06119931,0.6105495,-0.028001811,0.10202742,-0.95795697,-0.022706911,0.6025696,-1.0160326,1.1555688,0.42235845,0.029196203,0.55666184,0.45686573,-0.563419,-0.6118715,0.02372004,0.13481261,0.40255663,-0.2834645,0.42688897,1.1532257,-0.73032665,-0.18293494,-0.8509649,0.40175983,-0.18761387,-0.43122306,-0.5801551,-0.5502983,-0.17011198,-0.3010129,-1.2756923,1.0206034,0.33468282,0.002840506,-0.014539115,-0.15437993,-0.06174572,-0.11771839,1.2651,0.754432,0.626897,0.47718683,-0.46220496,0.15980336,-0.23606259,-0.133761,-0.5654956,0.25120342,-0.051428434,-0.4409805,-0.12497614,0.5341084,1.3765665,-0.25021806,0.15461296,-0.010736894
0.47254798,0.17078081,-0.22332248,0.24296935,-1.4708658,0.5312818,0.50176275,0.98354286,0.37086236,0.72632205,0.5093459,0.5228401,-0.51758033,0.18784066,-0.7986462,-1.0468392,-0.55412865,0.5796693,1.1006634,0.37037268,-0.32215413,0.56543446,-0.13636215,-1.1161572,-0.79270434,-0.8383151,-0.4196446,-0.22884801,-0.7124764,1.1080873,-0.09169192,-0.07450475,0.6684666,0.041805543,-0.056176346,-1.0617054,-0.06797444,0.88323253,-1.0599215,0.89415497,0.81914186,0.13157704,0.69006145,0.55104506,-0.4838292,-0.6399168,-0.051792957,0.16549335,0.13950965,-0.30676156,0.413499,1.1046208,-0.73553395,-0.21365726,-0.8542307,0.3829786,-0.4082596,-0.15244783,-0.40333036,-0.6434017,-0.20638317,-0.20116894,-1.0625732,1.128606,0.3136566,0.058000058,-0.025517084,-0.074306555,-0.14754033,-0.40312338,1.3459133,0.8058456,0.5364667,0.49486503,-0.51322913,0.2611019,-0.4916836,-0.43707776,-0.4840002,0.1416732,-0.27495426,-0.42843157,-0.057060674,0.460008,1.4443632,0.018524999,-0.06955916,0.12879917
0.45278946,0.1543476,-0.09513546,-0.039230824,-1.0237098,0.7093551,0.7913621,1.272298,0.63536334,0.7937796,0.7395673,0.6016602,-0.59739417,0.16213125,-0.901842,-1.0618511,-0.6992272,0.94866437,1.1437417,0.4190055,-0.4772163,0.387465,-0.1687934,-1.0367284,-0.8215575,-0.39062667,-0.2264258,-0.20389397,-0.8834262,1.0700419,0.042174086,0.002132293,0.6200089,-0.05195092,-0.011447135,-0.80512965,-0.2188173,1.32102,-1.0018793,0.5358579,1.117168,0.2488569,0.5687971,0.43402803,-0.448815,-0.52756035,-0.2546015,0.31482235,-0.24589813,-0.36851257,0.41355583,0.94915944,-0.49076986,-0.5255066,-0.70100147,0.6167139,-0.31566837,0.16058637,-0.5340151,-0.7440178,-0.09172514,-0.025112916,-0.5579385,0.9854864,0.03584093,-0.06667286,-0.14251971,-0.13784483,-0.2959542,-0.5221313,1.2485822,0.35525718,0.20378006,0.3003193,-0.3152266,0.01392439,-0.75846153,-0.4973383,-0.4863602,0.045806035,-0.5018296,-0.28872454,0.010734789,0.60871536,1.505625,0.16409819,-0.57211804,0.06007214
0.57092243,0.043690223,-0.6395916,-0.10019251,-1.8255632,0.2936924,-0.32141483,1.0482682,0.18384925,0.9694922,1.0528414,0.68420625,-0.56886077,0.19739328,-0.37907445,-0.46759838,-0.6258613,0.4527654,0.88874936,0.7929431,-0.16300951,0.089472346,0.33716694,-0.3286423,-0.35070696,-1.0347748,-0.64749396,-0.06963011,-0.97339195,1.3374066,-0.026257068,-0.8247997,0.8720914,-0.54397136,0.50468236,-0.46880308,-0.25158834,0.5161719,-0.31283483,0.80667996,1.128011,-0.27556822,0.373359,0.41580433,-0.6759008,-0.6939678,0.118322216,0.3043523,0.39329642,-0.14295042,0.410463,1.0443792,-0.1931564,-0.5952809,-0.5388073,0.4571836,-0.38038826,-0.048624236,-0.34787503,-0.6426286,-0.13465053,0.05602834,-0.4710661,0.81914896,-0.28387952,0.46482798,-0.23939645,-0.4328414,-0.43181193,-0.5669989,1.4380809,0.20987101,0.41421503,0.89270633,-0.31140292,0.52008444,-0.3852478,-0.77437943,-0.5386408,-0.12500888,-0.5070931,-0.11529661,0.11042242,0.6336304,1.7755561,-0.43922126,-0.001355611,0.81882983
0.57459533,0.008173406,-0.57587045,-0.18088736,-1.9228394,0.64028883,-0.21943712,0.9860092,0.19985262,0.6471107,1.0324482,0.75138015,-0.43414775,0.30456534,-0.47427177,-0.42668498,-0.8177463,0.74880224,0.8129719,0.5609369,0.064938165,0.13485855,0.15975253,-0.37565956,-0.48005745,-0.9434171,-0.5082362,0.022089884,-0.96372837,1.1823514,0.08968256,-0.6467634,1.0088315,-0.58167386,0.6819256,-0.53265584,-0.41950548,0.4861954,-0.5002753,0.8255771,1.0795636,-0.3410082,0.42592666,0.47937465,-0.6403519,-0.69998574,0.08786758,0.31732774,0.5057259,-0.10092363,0.46198002,1.1653899,-0.20943576,-0.6948995,-0.40706354,0.46321777,-0.2896624,-0.10584915,-0.31525567,-0.74233496,0.023021191,-0.07021253,-0.7364856,0.851908,-0.2975995,0.35838875,-0.36503747,-0.5038736,-0.36616856,-0.4177329,1.4365866,0.33896694,0.34104443,0.8898927,-0.22611614,0.5445023,-0.39579186,-0.77540207,-0.74921095,0.22858256,-0.455804,-0.23506826,-0.06830536,0.60163236,1.8958876,-0.5452289,-0.001600988,0.8170944
0.38537607,-0.17207104,-0.6384949,0.38165733,-2.3880742,0.55076545,-0.27980494,0.52861553,0.20506638,0.36433226,1.3602761,0.37452704,-0.26592422,0.32998475,-0.19703475,-0.34777504,-0.79890764,0.5081269,0.9654123,0.17062879,0.6164998,0.62002355,-0.04236937,-0.28130773,-0.3057133,-1.130369,-0.5625155,0.27867618,-1.0058349,0.93226653,0.4589124,-0.19154139,0.3277501,-0.84654695,0.85359484,-0.30421653,-0.14771548,0.17303485,-0.72483003,0.8384667,0.5198371,-0.49867216,0.60194933,0.4960845,-0.82581764,-0.66865003,-0.21533486,0.48329502,0.5572552,-0.057796173,0.3451585,1.1139511,-0.20393986,-1.2001984,-0.15898243,0.28935808,0.1922589,-0.23367141,-0.17602548,-0.77995306,0.6500605,-0.35462934,-0.92730725,0.8424122,-0.42644265,0.00696804,-0.047116444,-0.23187238,-0.39547098,-0.02216243,1.5729824,0.50117755,0.609928,0.111333385,-0.5212914,0.23160163,-0.11324478,-0.66714156,-0.5345075,0.61406326,-0.24837238,-0.35734975,-0.1443557,0.96674377,1.8802792,-0.7145955,-0.025057174,0.7458294
0.5535715,-0.47158012,-0.58356094,0.43425256,-2.4212685,0.33951914,0.11060789,0.737406,0.21163931,0.09981034,0.99216676,0.33627945,-0.23042212,0.2639016,-0.3382776,-0.26229632,-0.7766955,0.6145276,1.1553726,-0.13027008,0.5500034,0.78750247,0.008551285,-0.35893825,-0.19080004,-0.99924576,-0.6966455,0.12874687,-0.60595775,0.89924896,0.041054588,0.13166644,0.12743273,-0.76154846,0.3559987,-0.45708993,0.1888234,-0.18579334,-0.8207041,1.1189157,0.20258933,-0.55406123,0.54355276,0.37730092,-0.86823857,-0.73143804,0.23702168,0.26986453,0.44272473,-0.16348852,0.44069198,1.0498396,-0.34872878,-1.0482461,-0.10219683,0.028280087,0.14978376,-0.2926813,-0.0912556,-0.41452676,0.6057832,-0.37852868,-1.2418053,1.063736,-0.13162777,0.08152452,0.22405756,-0.18264353,-0.21456641,0.012801454,1.4769953,0.7662339,1.0655012,0.22876582,-0.60013175,0.45552126,-0.0464326,-0.51373357,-0.54476696,0.5073755,-0.2689586,-0.57982665,-0.39149415,0.71466917,1.8509142,-0.7244815,0.067420825,0.4508735
0.51249886,-0.11441611,-0.3326748,0.26704502,-2.199979,0.53735226,0.8176078,1.2527668,0.36295846,0.016636126,1.2367617,0.35533804,0.0749345,0.015993748,-0.5132883,-0.30716622,-0.7851776,1.0487361,1.4145024,-0.38752723,0.13423637,0.55078256,-0.3129404,-0.6171921,-0.014683865,-0.7569142,-0.19620681,-0.1447408,-0.5863019,1.2406883,-0.08377435,0.4748737,-0.34684888,-0.3499986,-0.09332364,-0.1883174,0.5252862,0.25599095,-0.820921,0.8473448,0.34113196,-0.5745886,0.74044156,0.33909547,-0.61530304,-0.34877917,0.24815857,0.18833108,0.20498772,-0.17561045,0.40654567,0.70428586,-0.32983467,-1.4505558,-0.033930898,0.27868184,0.09061124,0.2824596,-0.19973752,-0.46259654,0.5651269,-0.62213844,-0.8496583,1.0235072,-0.54371446,-0.13096958,0.5381351,-0.19318455,-0.03565855,0.14288284,1.3396218,0.25141647,0.88598716,0.14590228,-0.33369404,-0.15198942,-0.32264873,-0.18599182,-0.20031804,0.6290809,-0.4786409,-0.76070094,-0.24986413,1.1471424,1.8545005,-0.37098286,-0.31568578,0.404399
0.6886536,-0.082348734,-0.550073,0.16952573,-2.0798922,0.43078655,0.69776094,1.1209351,0.39648074,0.24202609,1.3749688,0.6077094,0.14631586,-0.116600126,0.084786616,-0.12631857,-0.5063468,0.71780044,1.4098054,-0.6997365,-0.41500604,0.5003139,-0.38497996,-0.21321619,0.2745604,-0.84678453,-0.038177717,-0.1348216,-1.0231011,1.0908597,-0.2590334,0.46038905,-0.34684813,-0.48842835,-0.37931687,-0.11536761,0.7216512,0.36341524,-0.44338658,0.5126416,0.3024598,-0.36159688,0.5767857,0.28553665,-0.42962706,-0.34266517,0.6470134,0.4679668,0.21896526,-0.46954513,0.7836611,0.6688939,-0.06348257,-1.3432895,0.29605937,0.49866235,0.22640717,0.13857028,-0.46337542,-0.04752668,0.5428921,-0.5557466,0.12751055,0.48179334,-0.5056214,0.065400645,0.2954539,-0.27428868,0.06044358,0.43758965,1.0534946,-0.42229715,0.79303485,0.521691,-0.105579406,-0.011649497,-0.3431586,-0.004541643,-0.17934638,0.43914416,-0.43157834,-0.42090887,-0.17410111,1.0655773,1.4109901,-0.27111164,-0.61972165,0.7184211
0.56161356,-0.07995256,-0.61552995,-0.022070767,-2.0194411,0.5504818,0.09504677,0.84107035,0.34346652,0.49404645,1.5668182,0.36595538,-0.07150598,-0.24790396,0.5740939,-0.2692544,-0.6064359,0.48028827,1.1004251,-0.3714043,-0.19015628,0.38211045,-0.8380619,-0.20526296,0.15001093,-1.0677873,-0.19199693,-0.16617441,-1.3384503,1.2333047,0.007808598,-0.005905181,-0.22644755,-0.72403437,0.62173814,0.09489119,0.31684443,0.32568523,-0.35002336,0.55015767,0.35701147,-0.54232806,0.72105765,0.5365582,-0.2745232,-0.28419065,0.27004305,0.5421003,0.54551965,-0.52040195,0.6643498,0.28752252,-0.07456442,-1.1171635,0.16422641,0.5483261,0.4894464,0.16496377,-0.6769643,-0.32857877,0.8657771,-0.5347586,0.07321059,0.6011205,-0.69135684,-0.13117638,0.051012747,-0.39792353,-0.11548075,0.5299202,1.0109859,-0.52052075,0.45322093,0.33032426,-0.11413309,-0.281821,-0.2704243,-0.08165062,-0.40298492,0.31912267,-0.31801212,-0.3508669,-0.5534102,0.7942582,1.4991094,-0.3778968,-0.6317699,0.7942893
-0.251828,-0.07112005,-0.78057235,0.25734034,-2.772173,0.78962886,-0.68776274,0.3961895,0.22390851,0.3864001,1.0576117,0.107131325,0.2745525,-0.5307074,0.20835692,-0.743023,-0.123634025,0.1824812,0.8177024,-0.22500819,-0.06508897,0.86921966,-0.7458231,-0.016552584,0.058023773,-1.0116594,-0.25490603,-0.24497646,-1.3924781,1.6630569,0.15081775,-0.1334528,0.18408287,-0.39954063,0.6091741,0.459854,-0.1799275,0.07405387,-0.45125523,1.275418,-0.5124399,-0.8067532,0.7275311,0.90059716,-0.6668865,0.06136603,5.91E-05,0.55773354,0.9995139,-0.083223864,0.4481582,0.60690355,-0.71145374,-1.0577701,0.06808566,0.95180124,0.99702555,-0.43567112,-0.7625352,-0.098420106,0.94885427,-1.2769492,-0.49538735,0.9273114,-0.61514187,0.050014343,0.30142203,-0.22882998,-0.24799743,0.3204174,0.87474096,-0.30686268,0.5550648,0.09834409,-0.69558084,-0.09461844,0.15923247,0.20969656,-0.1392752,0.10224365,-0.4011569,-0.2827845,-0.850736,0.8002676,1.1674061,0.004743617,-0.154342,0.40577742
-0.5137613,-0.06656202,-0.63540924,0.49438938,-2.6866922,0.6310607,-1.0760994,0.37418723,0.035917446,0.51817596,0.72596407,-0.13683523,0.28332266,-0.47218537,0.079194315,-0.895509,-0.25615326,-0.16365154,0.62709,-0.08785768,0.13139306,0.9379869,-0.8629429,-0.40908802,-0.16974261,-0.908358,-0.40750894,-0.21653542,-0.99274313,1.4520891,0.2681288,0.012153629,0.3282083,-0.32365942,0.6474459,0.488381,-0.62222546,0.06640902,-0.6964217,1.3493865,-1.0265191,-0.8183986,0.8277503,0.9051908,-0.6695012,0.09974326,-0.42945853,0.5194141,0.91161996,0.005962346,0.23838225,0.7278168,-0.91046137,-0.8690526,-0.058219958,1.0073645,0.8896682,-0.88239795,-0.7559534,-0.20129442,1.1136917,-1.3813165,-1.0748903,1.235985,-0.46671456,-0.026919588,0.3144685,-0.051371805,-0.2502026,0.22346471,0.8052126,-0.1890027,0.51045376,-0.21635056,-1.0855491,-0.29205218,0.13662674,0.19830528,-0.2794273,0.15699089,-0.2449336,-0.44596797,-0.60707176,0.5903963,0.88746613,0.10886869,-0.06791678,0.021461276
-0.3943702,-0.089610316,-0.61082774,0.5322109,-2.5204768,0.57609224,-1.0733279,0.5303761,-0.054645024,0.5981405,0.64333785,-0.23622157,0.1080817,-0.33307627,-0.08295974,-0.9677557,-0.42393428,-0.19418325,0.7734654,-0.1475613,0.2888175,1.000929,-0.9555195,-0.7551692,-0.22980121,-1.0683941,-0.47305694,-0.13413954,-0.8551805,1.105258,0.29457232,0.19460902,0.17382976,-0.22241625,0.60190964,0.273644,-0.5478393,0.15672216,-0.8995255,1.1541315,-1.070983,-0.661578,0.9363047,0.6781294,-0.55408114,0.08002703,-0.5512311,0.4204096,0.69811237,0.07851037,0.3100767,0.7318931,-1.1643265,-0.79348487,-0.22272465,0.85368747,0.8572614,-0.9759674,-0.47223657,-0.35213065,1.1228336,-1.1618124,-1.2523965,1.3330451,-0.3026979,-0.17312971,0.2761334,0.059473716,-0.032375086,0.023532957,0.9310652,0.060710605,0.5440469,-0.31476107,-1.0435135,-0.37144107,-0.0655461,0.10326393,-0.4450872,0.21365926,-0.15594375,-0.46358475,-0.55061233,0.43592343,0.74110246,0.062035568,-0.13076061,-0.22434524
-0.36808288,0.100490734,-0.36434552,0.39340287,-2.6736507,0.8930983,-0.6234723,0.5852436,-0.001231171,0.21942766,0.6098981,-0.00792191,0.1007047,-0.40444016,-0.206898,-1.0816928,-0.8256775,-0.19144103,0.8454651,-0.22461107,0.36878812,0.87731874,-0.95985013,-0.8448793,-0.20127511,-1.046553,-0.50726557,-0.19415158,-0.71064407,1.1416512,0.2150721,0.12756032,0.362443,-0.06114344,0.674176,0.14191405,-0.4110166,0.09120346,-0.90619254,1.2392097,-0.779749,-0.61012775,0.68105173,0.5428323,-0.3678437,-0.00852292,-0.5033727,0.5875253,0.7850636,0.3119883,0.31367248,0.8843946,-1.1633236,-0.7923438,-0.32319087,0.7158354,0.6971446,-1.0903776,-0.4782852,-0.39978194,0.88272405,-0.98037934,-1.4261346,1.3765415,-0.1746996,-0.40665174,0.28293166,-0.21366033,0.23619777,-0.012907244,1.1110035,0.04664439,0.37045375,-0.09766611,-0.6410978,-0.35026032,0.14119855,0.21592334,-0.6145139,0.3312603,-0.17253706,-0.33163077,-0.5199069,0.57783616,0.82704,-0.23801333,-0.26369178,-0.24981862
-0.003034145,0.23763414,-0.32447088,-0.017893555,-2.4019623,1.1343403,0.27947733,0.74634373,0.13891633,0.24210362,0.6659254,0.4790491,-0.084726945,-0.5571393,-0.41675612,-1.0050832,-1.0360863,0.13182095,1.1039044,0.0338479,0.114068754,0.4057822,-0.878589,-0.9453102,-0.36170775,-0.89638627,-0.24132049,-0.37077096,-0.70540696,1.2016535,0.002796821,-0.11998394,0.62033254,0.09866727,0.72324145,-0.0617966,-0.45764214,0.27816916,-0.7611023,1.1759827,0.09921438,-0.17877944,0.36827227,0.18073842,-0.28821284,-0.29439846,-0.35006618,0.517913,0.67272305,0.12733814,0.5830766,1.019112,-0.97806644,-0.61464155,-0.5755276,0.6158916,0.30109116,-0.81759006,-0.5976334,-0.25899553,0.42245784,-0.42551014,-1.3151203,1.0405681,0.08462615,-0.70939696,0.10601358,-0.67036957,0.21210504,-0.04076888,1.103631,-0.14599629,0.22157046,0.34519365,0.054813907,-0.30005935,0.09734904,0.2541776,-0.8593813,0.22812778,-0.14015757,0.002102524,-0.39368996,0.7153172,1.0240408,-0.56556845,-0.46079716,-0.119189285
-0.08024531,0.3005877,-0.41728118,-0.012079695,-2.7325137,0.92550373,0.101353094,0.32475868,0.29445764,0.20003901,0.7000797,0.529807,0.05214138,-0.57303375,-0.29415724,-0.9776718,-0.9360267,0.10829108,1.0250318,-0.1337348,0.3479738,0.39675543,-0.9521853,-0.44369614,-0.11010124,-1.0507772,-0.13025182,-0.38046926,-0.74449986,1.1406024,0.15467253,-0.061851874,0.41203845,-0.033476856,0.8231369,0.17748605,-0.22676528,0.1600222,-0.8032117,1.3244987,-0.0935791,-0.35116914,0.33552283,0.20942794,-0.59766614,-0.099138185,-0.3076149,0.69316745,0.68859005,0.30900437,0.36811686,1.0694251,-0.69075966,-0.80492467,-0.38783237,0.725734,0.43695694,-0.68240595,-0.6369114,-0.20771706,0.7300912,-0.5545434,-1.1841127,0.9953493,-0.048540168,-0.6647919,0.10826361,-0.8864991,0.26678577,0.27725416,1.165037,-0.31698233,0.09703724,0.18993592,0.0976966,-0.36135608,0.5051119,0.46235806,-0.62175024,0.37796447,-0.17359021,0.07867027,-0.52702725,1.1134531,1.1819131,-0.7564171,-0.36181384,0.14870577
0.026332773,0.07395895,-0.43492514,-0.22567284,-2.722721,0.8442394,-0.072873116,-0.041717306,0.36742276,0.13474557,0.83252347,0.17980321,0.13952854,-0.25097412,-0.16472113,-0.6495214,-0.89918613,0.103794314,0.71317,-0.39634344,0.47584325,0.3393762,-1.3475341,-0.17386591,-0.090301335,-1.1776265,-0.1901502,-0.3050098,-0.6015164,1.0200105,0.28699228,-0.18838312,-0.02842614,-0.110579655,0.96460605,0.31144983,-0.3303774,-0.075127706,-0.75974095,1.2884755,-0.18907389,-0.6798275,0.64015603,0.2948467,-0.690443,0.0192445,-0.29632822,0.61270785,0.8644292,0.12988704,0.41462398,0.9145803,-0.55925035,-0.9096357,-0.10057444,0.7212761,0.8689973,-0.5361825,-0.55420554,-0.35955244,1.1900197,-0.7015482,-1.2671889,1.0473204,-0.28075272,-0.8151395,0.12654527,-0.9341357,0.2788899,0.6849123,1.1741164,-0.2811054,0.30747834,-0.035328873,-0.11664934,-0.37950978,0.45016778,0.42973465,-0.3758613,0.5477545,-0.002852172,-0.28955466,-0.69885707,1.2079897,1.7153068,-0.6958525,-0.32350188,0.46568412
0.08479718,-0.007041287,-0.50246596,-0.5866143,-2.3152633,0.35795522,-0.21384722,0.1993959,0.2917659,0.51146483,0.3685259,-0.32460672,-0.12142931,0.42165545,-0.27936867,-0.52184117,-0.66737485,-0.1105051,0.50511986,-0.49182642,0.38977575,0.40993115,-1.4801702,-0.596179,-0.18643792,-1.1958473,-0.39870697,-0.16850995,-0.11874173,0.56371367,0.48959044,0.1701143,-0.52664566,-0.002202705,0.72972614,0.45005816,-0.24400997,0.024601802,-1.1721046,1.0860127,-0.53674227,-0.65520614,0.734517,-0.0606604,-0.9669308,-0.16314088,-0.06490558,0.422988,0.5444209,-0.22195552,0.79172194,0.7551751,-0.8657587,-0.78284985,-0.15048471,0.37045705,1.0713283,-0.8036136,-0.16525622,-0.32549575,1.3486387,-0.40856397,-1.308421,1.2009941,-0.22265485,-0.7697296,-0.19008508,-0.5465205,0.14866038,0.7628148,0.9550793,0.12511972,0.8092634,-0.29964384,-0.4572675,-0.09485686,0.20877624,0.35717762,-0.30076492,0.26214996,0.29073185,-0.73378783,-0.6730257,1.4678252,1.494356,-0.933972,-0.23169357,-0.13301362
0.20531577,-0.32137382,-0.40471488,-0.19784157,-2.653503,0.46944708,-0.2531235,0.03529615,0.53963053,0.64826334,0.5420598,-0.4973669,-0.13824874,0.816838,-0.48486507,-0.43371034,-0.7788527,0.19085807,0.7006754,-0.64151734,0.63381135,0.81215394,-1.1270031,-0.47205958,-0.029966183,-1.2568187,-0.6484946,-0.047416426,-0.11554768,0.6610721,0.5815173,-0.01737803,-0.7160885,-0.14690018,0.26427406,0.07135996,-0.08978679,-0.1780222,-0.99583876,0.9071871,-0.5572597,-0.6671127,0.79146445,0.04234889,-1.0166136,0.23471643,-0.32952943,0.6212085,0.41451848,0.05581923,0.8779353,0.55515105,-0.84350604,-0.8899006,-0.03682972,0.7617257,0.8757346,-0.6375776,0.24591927,-0.5006882,1.3350312,-0.55353284,-1.092615,1.3716588,-0.30574152,-0.50690687,0.16610396,-0.19650769,0.1834376,0.7309358,1.2321038,0.17457438,0.7922134,-0.4866495,-0.41401404,-0.1723305,-0.31942132,-0.23734124,-0.07459148,0.47578016,0.37904587,-0.71221775,-0.30973864,1.3217316,1.7027947,-0.75486374,-0.42100498,-0.096084006
