1,0.014285812,0.078152499,0.009341042,0.078152499,0.051101493,0.078152499,0.033413664,5.71E-05,0.078152499,1.66E-10,0.078152499,0.078152499,0.00399371,0.00399371,0.078152499,0.051101493,0.014285812,2.28E-07,0.00261136,0.033413664,0.051101493,0.000204084,0.00399371,0.078152499,0.078152499,0.051101493,0.00261136,6.37E-08,0.051101493,0.006107816,1.30E-11,0.009341042,0.000477342,0.078152499,2.28E-07,0.078152499,0.00399371,8.73E-05,3.73E-05,0.078152499,0.051101493,0.009341042,0.078152499,0.009341042,0.021848142,0.078152499,0.078152499,0.078152499,0.051101493,0.021848142,0.033413664,0.009341042,0.009341042,0.006107816,0.014285812,0.014285812,0.001707487,0.014285812,0.051101493,0.078152499,0.078152499,0.006107816,0.078152499,0.078152499,0.006107816,3.73E-05,0.009341042,0.000730026,0.000477342,0.000133444,0.021848142,0.021848142,0.009341042,0.014285812,0.078152499,0.078152499,0.000477342,0.009341042,0.006107816,0.001116472,0.078152499,0.00399371,0.021848142,0.00399371,0.078152499,0.001116472,0.009341042
0.014285812,1,0.078152499,0.009341042,0.078152499,0.051101493,0.078152499,0.033413664,5.71E-05,0.078152499,1.66E-10,0.078152499,0.078152499,0.00399371,0.00399371,0.078152499,0.051101493,0.014285812,2.28E-07,0.00261136,0.033413664,0.051101493,0.000204084,0.00399371,0.078152499,0.078152499,0.051101493,0.00261136,6.37E-08,0.051101493,0.006107816,1.30E-11,0.009341042,0.000477342,0.078152499,2.28E-07,0.078152499,0.00399371,8.73E-05,3.73E-05,0.078152499,0.051101493,0.009341042,0.078152499,0.009341042,0.021848142,0.078152499,0.078152499,0.078152499,0.051101493,0.021848142,0.033413664,0.009341042,0.009341042,0.006107816,0.014285812,0.014285812,0.001707487,0.014285812,0.051101493,0.078152499,0.078152499,0.006107816,0.078152499,0.078152499,0.006107816,3.73E-05,0.009341042,0.000730026,0.000477342,0.000133444,0.021848142,0.021848142,0.009341042,0.014285812,0.078152499,0.078152499,0.000477342,0.009341042,0.006107816,0.001116472,0.078152499,0.00399371,0.021848142,0.00399371,0.078152499,0.001116472,0.009341042
0.078152499,0.078152499,1,0.051101493,0.427544206,0.279557718,0.427544206,0.182794026,0.000312118,0.427544206,9.10E-10,0.427544206,0.427544206,0.021848142,0.021848142,0.427544206,0.279557718,0.078152499,1.25E-06,0.014285812,0.182794026,0.279557718,0.001116472,0.021848142,0.427544206,0.427544206,0.279557718,0.014285812,3.48E-07,0.279557718,0.033413664,7.11E-11,0.051101493,0.00261136,0.427544206,1.25E-06,0.427544206,0.021848142,0.000477342,0.000204084,0.427544206,0.279557718,0.051101493,0.427544206,0.051101493,0.119523268,0.427544206,0.427544206,0.427544206,0.279557718,0.119523268,0.182794026,0.051101493,0.051101493,0.033413664,0.078152499,0.078152499,0.009341042,0.078152499,0.279557718,0.427544206,0.427544206,0.033413664,0.427544206,0.427544206,0.033413664,0.000204084,0.051101493,0.00399371,0.00261136,0.000730026,0.119523268,0.119523268,0.051101493,0.078152499,0.427544206,0.427544206,0.00261136,0.051101493,0.033413664,0.006107816,0.427544206,0.021848142,0.119523268,0.021848142,0.427544206,0.006107816,0.051101493
0.009341042,0.009341042,0.051101493,1,0.051101493,0.033413664,0.051101493,0.021848142,3.73E-05,0.051101493,1.09E-10,0.051101493,0.051101493,0.00261136,0.00261136,0.051101493,0.033413664,0.009341042,1.49E-07,0.001707487,0.021848142,0.033413664,0.000133444,0.00261136,0.051101493,0.051101493,0.033413664,0.00399371,4.17E-08,0.033413664,0.00399371,8.50E-12,0.006107816,0.000312118,0.051101493,1.49E-07,0.051101493,0.00261136,5.71E-05,2.44E-05,0.051101493,0.033413664,0.006107816,0.051101493,0.006107816,0.014285812,0.051101493,0.051101493,0.051101493,0.033413664,0.014285812,0.021848142,0.006107816,0.006107816,0.00399371,0.009341042,0.009341042,0.001116472,0.009341042,0.033413664,0.051101493,0.051101493,0.00399371,0.051101493,0.051101493,0.00399371,2.44E-05,0.006107816,0.000477342,0.000312118,8.73E-05,0.014285812,0.014285812,0.006107816,0.009341042,0.051101493,0.051101493,0.000312118,0.006107816,0.00399371,0.000730026,0.051101493,0.00261136,0.014285812,0.00261136,0.051101493,0.000730026,0.006107816
0.078152499,0.078152499,0.427544206,0.051101493,1,0.279557718,0.427544206,0.182794026,0.000312118,0.427544206,9.10E-10,0.427544206,0.427544206,0.021848142,0.021848142,0.427544206,0.279557718,0.078152499,2.92E-06,0.014285812,0.182794026,0.279557718,0.001116472,0.021848142,0.427544206,0.427544206,0.279557718,0.014285812,3.48E-07,0.279557718,0.033413664,1.66E-10,0.051101493,0.006107816,0.427544206,1.25E-06,0.427544206,0.021848142,0.000477342,0.000477342,0.427544206,0.279557718,0.051101493,0.427544206,0.051101493,0.119523268,0.427544206,0.427544206,0.427544206,0.279557718,0.119523268,0.182794026,0.051101493,0.051101493,0.033413664,0.078152499,0.078152499,0.009341042,0.078152499,0.279557718,0.427544206,0.427544206,0.033413664,0.427544206,0.427544206,0.033413664,0.000204084,0.051101493,0.00399371,0.006107816,0.000730026,0.119523268,0.119523268,0.051101493,0.078152499,0.427544206,0.427544206,0.00261136,0.051101493,0.033413664,0.006107816,0.427544206,0.021848142,0.119523268,0.021848142,0.427544206,0.006107816,0.051101493
0.051101493,0.051101493,0.279557718,0.033413664,0.279557718,1,0.653868626,0.119523268,0.000204084,0.279557718,5.95E-10,0.279557718,0.279557718,0.014285812,0.014285812,0.279557718,0.182794026,0.051101493,8.15E-07,0.009341042,0.119523268,0.182794026,0.000730026,0.014285812,0.279557718,0.279557718,0.182794026,0.009341042,2.28E-07,0.182794026,0.021848142,4.65E-11,0.033413664,0.001707487,0.279557718,8.15E-07,0.279557718,0.014285812,0.000312118,0.000133444,0.279557718,0.182794026,0.033413664,0.279557718,0.033413664,0.078152499,0.279557718,0.279557718,0.279557718,0.182794026,0.078152499,0.119523268,0.033413664,0.033413664,0.021848142,0.051101493,0.051101493,0.006107816,0.051101493,0.182794026,0.279557718,0.279557718,0.021848142,0.279557718,0.279557718,0.021848142,0.000133444,0.033413664,0.00261136,0.001707487,0.000477342,0.078152499,0.078152499,0.033413664,0.051101493,0.279557718,0.279557718,0.001707487,0.033413664,0.021848142,0.00399371,0.279557718,0.014285812,0.078152499,0.014285812,0.279557718,0.00399371,0.033413664
0.078152499,0.078152499,0.427544206,0.051101493,0.427544206,0.653868626,1,0.182794026,0.000312118,0.427544206,9.10E-10,0.427544206,0.427544206,0.021848142,0.021848142,0.427544206,0.279557718,0.078152499,1.25E-06,0.014285812,0.182794026,0.279557718,0.001116472,0.021848142,0.427544206,0.427544206,0.279557718,0.014285812,3.48E-07,0.279557718,0.033413664,7.11E-11,0.051101493,0.00261136,0.427544206,1.25E-06,0.427544206,0.021848142,0.000477342,0.000204084,0.427544206,0.279557718,0.051101493,0.427544206,0.051101493,0.119523268,0.427544206,0.427544206,0.427544206,0.279557718,0.119523268,0.182794026,0.051101493,0.051101493,0.033413664,0.078152499,0.078152499,0.009341042,0.078152499,0.279557718,0.427544206,0.427544206,0.033413664,0.427544206,0.427544206,0.033413664,0.000204084,0.051101493,0.00399371,0.00261136,0.000730026,0.119523268,0.119523268,0.051101493,0.078152499,0.427544206,0.427544206,0.00261136,0.051101493,0.033413664,0.006107816,0.427544206,0.021848142,0.119523268,0.021848142,0.427544206,0.006107816,0.051101493
0.033413664,0.033413664,0.182794026,0.021848142,0.182794026,0.119523268,0.182794026,1,0.000133444,0.182794026,3.89E-10,0.182794026,0.182794026,0.009341042,0.009341042,0.182794026,0.119523268,0.033413664,5.33E-07,0.006107816,0.078152499,0.119523268,0.000477342,0.009341042,0.182794026,0.182794026,0.119523268,0.006107816,1.49E-07,0.119523268,0.014285812,3.04E-11,0.021848142,0.001116472,0.182794026,5.33E-07,0.182794026,0.009341042,0.000204084,8.73E-05,0.182794026,0.119523268,0.021848142,0.182794026,0.021848142,0.051101493,0.182794026,0.182794026,0.182794026,0.119523268,0.051101493,0.078152499,0.021848142,0.021848142,0.014285812,0.033413664,0.033413664,0.00399371,0.033413664,0.119523268,0.182794026,0.182794026,0.014285812,0.182794026,0.182794026,0.014285812,8.73E-05,0.021848142,0.001707487,0.001116472,0.000312118,0.051101493,0.051101493,0.021848142,0.033413664,0.182794026,0.182794026,0.001116472,0.021848142,0.014285812,0.00261136,0.182794026,0.009341042,0.051101493,0.009341042,0.182794026,0.00261136,0.021848142
5.71E-05,5.71E-05,0.000312118,3.73E-05,0.000312118,0.000204084,0.000312118,0.000133444,1,0.000730026,1.55E-12,0.000312118,0.000312118,1.59E-05,1.59E-05,0.000312118,0.000204084,5.71E-05,4.98E-09,1.04E-05,0.000133444,0.000477342,8.15E-07,1.59E-05,0.000312118,0.000312118,0.000204084,1.04E-05,5.95E-10,0.000204084,2.44E-05,1.21E-13,3.73E-05,1.91E-06,0.000312118,9.10E-10,0.000312118,1.59E-05,3.48E-07,8.15E-07,0.000312118,0.000204084,3.73E-05,0.000312118,3.73E-05,8.73E-05,0.000312118,0.000312118,0.000730026,0.000204084,8.73E-05,0.000312118,3.73E-05,8.73E-05,2.44E-05,5.71E-05,5.71E-05,6.82E-06,5.71E-05,0.000204084,0.000312118,0.000312118,5.71E-05,0.000312118,0.000312118,2.44E-05,1.49E-07,3.73E-05,2.92E-06,1.91E-06,5.33E-07,0.000204084,8.73E-05,3.73E-05,5.71E-05,0.000730026,0.000312118,1.91E-06,3.73E-05,2.44E-05,4.46E-06,0.000312118,1.59E-05,8.73E-05,1.59E-05,0.000312118,4.46E-06,3.73E-05
0.078152499,0.078152499,0.427544206,0.051101493,0.427544206,0.279557718,0.427544206,0.182794026,0.000730026,1,2.13E-09,0.427544206,0.427544206,0.021848142,0.021848142,0.427544206,0.279557718,0.078152499,2.92E-06,0.014285812,0.182794026,0.653868626,0.001116472,0.021848142,0.427544206,0.427544206,0.279557718,0.014285812,3.48E-07,0.279557718,0.033413664,1.66E-10,0.051101493,0.00261136,0.427544206,1.25E-06,0.427544206,0.021848142,0.000477342,0.000477342,0.427544206,0.279557718,0.051101493,0.427544206,0.051101493,0.119523268,0.427544206,0.427544206,1,0.279557718,0.119523268,0.182794026,0.051101493,0.051101493,0.033413664,0.078152499,0.078152499,0.009341042,0.078152499,0.279557718,0.427544206,0.427544206,0.078152499,0.427544206,0.427544206,0.033413664,0.000204084,0.051101493,0.00399371,0.00261136,0.000730026,0.279557718,0.119523268,0.051101493,0.078152499,1,0.427544206,0.00261136,0.051101493,0.033413664,0.006107816,0.427544206,0.021848142,0.119523268,0.021848142,0.427544206,0.006107816,0.051101493
1.66E-10,1.66E-10,9.10E-10,1.09E-10,9.10E-10,5.95E-10,9.10E-10,3.89E-10,1.55E-12,2.13E-09,1,9.10E-10,9.10E-10,1.09E-10,4.65E-11,9.10E-10,5.95E-10,1.66E-10,3.39E-14,3.04E-11,3.89E-10,1.39E-09,2.38E-12,4.65E-11,9.10E-10,9.10E-10,5.95E-10,3.04E-11,7.42E-16,5.95E-10,7.11E-11,8.28E-19,1.09E-10,5.56E-12,9.10E-10,6.21E-15,9.10E-10,4.65E-11,1.02E-12,1.02E-12,9.10E-10,5.95E-10,1.09E-10,9.10E-10,1.09E-10,2.54E-10,9.10E-10,9.10E-10,2.13E-09,5.95E-10,2.54E-10,3.89E-10,1.09E-10,2.54E-10,7.11E-11,1.66E-10,1.66E-10,1.99E-11,1.66E-10,5.95E-10,2.13E-09,9.10E-10,3.89E-10,9.10E-10,9.10E-10,7.11E-11,2.38E-12,1.09E-10,1.99E-11,5.56E-12,3.63E-12,5.95E-10,2.54E-10,1.09E-10,1.66E-10,2.13E-09,9.10E-10,1.30E-11,1.09E-10,7.11E-11,1.30E-11,9.10E-10,4.65E-11,2.54E-10,4.65E-11,9.10E-10,1.30E-11,1.09E-10
0.078152499,0.078152499,0.427544206,0.051101493,0.427544206,0.279557718,0.427544206,0.182794026,0.000312118,0.427544206,9.10E-10,1,0.427544206,0.021848142,0.021848142,0.427544206,0.279557718,0.078152499,1.25E-06,0.014285812,0.182794026,0.279557718,0.001116472,0.021848142,0.427544206,0.427544206,0.279557718,0.014285812,3.48E-07,0.279557718,0.033413664,7.11E-11,0.051101493,0.00261136,0.427544206,1.25E-06,0.427544206,0.021848142,0.000477342,0.000204084,0.427544206,0.279557718,0.051101493,0.427544206,0.051101493,0.119523268,0.427544206,0.427544206,0.427544206,0.279557718,0.119523268,0.182794026,0.051101493,0.051101493,0.033413664,0.078152499,0.078152499,0.009341042,0.078152499,0.279557718,0.427544206,0.427544206,0.033413664,0.427544206,0.427544206,0.033413664,0.000204084,0.051101493,0.00399371,0.00261136,0.000730026,0.119523268,0.119523268,0.051101493,0.078152499,0.427544206,0.427544206,0.00261136,0.051101493,0.033413664,0.006107816,0.427544206,0.021848142,0.119523268,0.021848142,0.427544206,0.006107816,0.051101493
0.078152499,0.078152499,0.427544206,0.051101493,0.427544206,0.279557718,0.427544206,0.182794026,0.000312118,0.427544206,9.10E-10,0.427544206,1,0.021848142,0.021848142,0.427544206,0.279557718,0.078152499,1.25E-06,0.014285812,0.182794026,0.279557718,0.001116472,0.021848142,0.427544206,0.427544206,0.279557718,0.014285812,3.48E-07,0.279557718,0.033413664,7.11E-11,0.051101493,0.00261136,0.427544206,1.25E-06,0.427544206,0.021848142,0.000477342,0.000204084,0.427544206,0.279557718,0.051101493,0.427544206,0.051101493,0.119523268,0.427544206,0.427544206,0.427544206,0.279557718,0.119523268,0.182794026,0.051101493,0.051101493,0.033413664,0.078152499,0.078152499,0.009341042,0.078152499,0.279557718,0.427544206,0.427544206,0.033413664,0.427544206,0.427544206,0.033413664,0.000204084,0.051101493,0.00399371,0.00261136,0.000730026,0.119523268,0.119523268,0.051101493,0.078152499,0.427544206,0.427544206,0.00261136,0.051101493,0.033413664,0.006107816,0.427544206,0.021848142,0.119523268,0.021848142,0.427544206,0.006107816,0.051101493
0.00399371,0.00399371,0.021848142,0.00261136,0.021848142,0.014285812,0.021848142,0.009341042,1.59E-05,0.021848142,1.09E-10,0.021848142,0.021848142,1,0.001116472,0.021848142,0.014285812,0.00399371,1.49E-07,0.000730026,0.009341042,0.014285812,5.71E-05,0.001116472,0.021848142,0.021848142,0.014285812,0.000730026,1.78E-08,0.014285812,0.001707487,3.63E-12,0.00261136,0.000133444,0.021848142,6.37E-08,0.021848142,0.001116472,2.44E-05,1.04E-05,0.021848142,0.014285812,0.00261136,0.021848142,0.00261136,0.006107816,0.021848142,0.021848142,0.021848142,0.014285812,0.006107816,0.009341042,0.00261136,0.00261136,0.001707487,0.00399371,0.00399371,0.000477342,0.00399371,0.014285812,0.021848142,0.021848142,0.001707487,0.021848142,0.021848142,0.001707487,1.04E-05,0.00261136,0.000477342,0.000133444,3.73E-05,0.006107816,0.006107816,0.00261136,0.00399371,0.021848142,0.021848142,0.000133444,0.00261136,0.001707487,0.000312118,0.021848142,0.001116472,0.006107816,0.001116472,0.021848142,0.000312118,0.00261136
0.00399371,0.00399371,0.021848142,0.00261136,0.021848142,0.014285812,0.021848142,0.009341042,1.59E-05,0.021848142,4.65E-11,0.021848142,0.021848142,0.001116472,1,0.021848142,0.014285812,0.00399371,6.37E-08,0.000730026,0.009341042,0.014285812,5.71E-05,0.001116472,0.021848142,0.021848142,0.014285812,0.000730026,1.78E-08,0.014285812,0.001707487,3.63E-12,0.00261136,0.000133444,0.021848142,6.37E-08,0.021848142,0.001116472,2.44E-05,1.04E-05,0.021848142,0.014285812,0.00261136,0.021848142,0.00261136,0.006107816,0.021848142,0.021848142,0.021848142,0.014285812,0.006107816,0.009341042,0.00261136,0.00261136,0.001707487,0.00399371,0.00399371,0.000477342,0.00399371,0.014285812,0.021848142,0.021848142,0.001707487,0.021848142,0.021848142,0.001707487,1.04E-05,0.00261136,0.000204084,0.000133444,3.73E-05,0.006107816,0.006107816,0.00261136,0.00399371,0.021848142,0.021848142,0.000133444,0.00261136,0.001707487,0.000312118,0.021848142,0.001116472,0.006107816,0.00261136,0.021848142,0.000312118,0.00261136
0.078152499,0.078152499,0.427544206,0.051101493,0.427544206,0.279557718,0.427544206,0.182794026,0.000312118,0.427544206,9.10E-10,0.427544206,0.427544206,0.021848142,0.021848142,1,0.279557718,0.078152499,2.92E-06,0.014285812,0.182794026,0.279557718,0.001116472,0.021848142,0.427544206,0.427544206,0.279557718,0.014285812,3.48E-07,0.279557718,0.033413664,1.66E-10,0.051101493,0.00261136,0.427544206,2.92E-06,0.427544206,0.021848142,0.000477342,0.000477342,0.427544206,0.279557718,0.051101493,0.427544206,0.051101493,0.119523268,0.427544206,0.427544206,0.427544206,0.279557718,0.119523268,0.182794026,0.051101493,0.051101493,0.033413664,0.078152499,0.078152499,0.009341042,0.078152499,0.279557718,0.427544206,0.427544206,0.033413664,0.427544206,0.427544206,0.033413664,0.000204084,0.051101493,0.00399371,0.00261136,0.000730026,0.119523268,0.119523268,0.051101493,0.078152499,0.427544206,0.427544206,0.00261136,0.051101493,0.033413664,0.006107816,0.427544206,0.021848142,0.119523268,0.021848142,0.427544206,0.006107816,0.051101493
0.051101493,0.051101493,0.279557718,0.033413664,0.279557718,0.182794026,0.279557718,0.119523268,0.000204084,0.279557718,5.95E-10,0.279557718,0.279557718,0.014285812,0.014285812,0.279557718,1,0.051101493,8.15E-07,0.009341042,0.119523268,0.182794026,0.000730026,0.014285812,0.279557718,0.279557718,0.182794026,0.009341042,2.28E-07,0.182794026,0.021848142,1.09E-10,0.033413664,0.001707487,0.279557718,8.15E-07,0.279557718,0.014285812,0.000312118,0.000133444,0.279557718,0.182794026,0.033413664,0.279557718,0.033413664,0.078152499,0.279557718,0.279557718,0.279557718,0.182794026,0.078152499,0.119523268,0.033413664,0.033413664,0.021848142,0.051101493,0.051101493,0.006107816,0.051101493,0.182794026,0.279557718,0.279557718,0.021848142,0.279557718,0.279557718,0.021848142,0.000133444,0.033413664,0.00261136,0.001707487,0.000477342,0.078152499,0.078152499,0.033413664,0.051101493,0.279557718,0.279557718,0.001707487,0.033413664,0.021848142,0.00399371,0.279557718,0.014285812,0.078152499,0.014285812,0.279557718,0.00399371,0.033413664
0.014285812,0.014285812,0.078152499,0.009341042,0.078152499,0.051101493,0.078152499,0.033413664,5.71E-05,0.078152499,1.66E-10,0.078152499,0.078152499,0.00399371,0.00399371,0.078152499,0.051101493,1,2.28E-07,0.00261136,0.033413664,0.051101493,0.000204084,0.00399371,0.078152499,0.078152499,0.051101493,0.00261136,6.37E-08,0.051101493,0.006107816,1.30E-11,0.009341042,0.000477342,0.078152499,2.28E-07,0.078152499,0.00399371,8.73E-05,3.73E-05,0.078152499,0.051101493,0.009341042,0.078152499,0.009341042,0.021848142,0.078152499,0.078152499,0.078152499,0.051101493,0.021848142,0.033413664,0.009341042,0.009341042,0.006107816,0.014285812,0.014285812,0.001707487,0.014285812,0.051101493,0.078152499,0.078152499,0.006107816,0.078152499,0.078152499,0.006107816,3.73E-05,0.009341042,0.000730026,0.000477342,0.000133444,0.021848142,0.021848142,0.009341042,0.014285812,0.078152499,0.078152499,0.000477342,0.009341042,0.006107816,0.001116472,0.078152499,0.00399371,0.021848142,0.00399371,0.078152499,0.001116472,0.009341042
2.28E-07,2.28E-07,1.25E-06,1.49E-07,2.92E-06,8.15E-07,1.25E-06,5.33E-07,4.98E-09,2.92E-06,3.39E-14,1.25E-06,1.25E-06,1.49E-07,6.37E-08,2.92E-06,8.15E-07,2.28E-07,1,4.17E-08,5.33E-07,1.91E-06,3.26E-09,6.37E-08,1.25E-06,1.25E-06,8.15E-07,4.17E-08,2.38E-12,8.15E-07,9.74E-08,6.21E-15,1.49E-07,1.78E-08,1.25E-06,1.99E-11,1.25E-06,6.37E-08,1.39E-09,1.78E-08,1.25E-06,8.15E-07,1.49E-07,1.25E-06,1.49E-07,3.48E-07,1.25E-06,1.25E-06,2.92E-06,8.15E-07,3.48E-07,5.33E-07,1.49E-07,3.48E-07,9.74E-08,2.28E-07,2.28E-07,2.72E-08,2.28E-07,8.15E-07,1.25E-06,1.25E-06,2.28E-07,1.25E-06,1.25E-06,9.74E-08,5.95E-10,1.49E-07,2.72E-08,1.78E-08,2.13E-09,8.15E-07,3.48E-07,1.49E-07,2.28E-07,2.92E-06,1.25E-06,7.61E-09,1.49E-07,9.74E-08,1.78E-08,1.25E-06,6.37E-08,3.48E-07,6.37E-08,1.25E-06,1.78E-08,1.49E-07
0.00261136,0.00261136,0.014285812,0.001707487,0.014285812,0.009341042,0.014285812,0.006107816,1.04E-05,0.014285812,3.04E-11,0.014285812,0.014285812,0.000730026,0.000730026,0.014285812,0.009341042,0.00261136,4.17E-08,1,0.006107816,0.009341042,8.73E-05,0.001707487,0.014285812,0.014285812,0.009341042,0.000477342,1.16E-08,0.009341042,0.001116472,2.38E-12,0.001707487,8.73E-05,0.014285812,4.17E-08,0.014285812,0.000730026,1.59E-05,6.82E-06,0.033413664,0.021848142,0.001707487,0.014285812,0.001707487,0.00399371,0.014285812,0.014285812,0.014285812,0.009341042,0.00399371,0.006107816,0.001707487,0.001707487,0.00261136,0.00261136,0.00261136,0.000312118,0.00261136,0.009341042,0.014285812,0.014285812,0.001116472,0.014285812,0.014285812,0.001116472,6.82E-06,0.001707487,0.000133444,8.73E-05,2.44E-05,0.00399371,0.00399371,0.001707487,0.00261136,0.014285812,0.014285812,8.73E-05,0.001707487,0.001116472,0.000204084,0.014285812,0.000730026,0.00399371,0.000730026,0.014285812,0.000204084,0.021848142
0.033413664,0.033413664,0.182794026,0.021848142,0.182794026,0.119523268,0.182794026,0.078152499,0.000133444,0.182794026,3.89E-10,0.182794026,0.182794026,0.009341042,0.009341042,0.182794026,0.119523268,0.033413664,5.33E-07,0.006107816,1,0.119523268,0.000477342,0.009341042,0.182794026,0.182794026,0.119523268,0.006107816,1.49E-07,0.119523268,0.014285812,3.04E-11,0.021848142,0.001116472,0.182794026,5.33E-07,0.182794026,0.009341042,0.000204084,8.73E-05,0.182794026,0.119523268,0.021848142,0.182794026,0.021848142,0.051101493,0.182794026,0.182794026,0.182794026,0.119523268,0.051101493,0.078152499,0.021848142,0.021848142,0.014285812,0.033413664,0.033413664,0.00399371,0.033413664,0.119523268,0.182794026,0.182794026,0.014285812,0.182794026,0.182794026,0.014285812,8.73E-05,0.021848142,0.001707487,0.001116472,0.000312118,0.051101493,0.051101493,0.021848142,0.033413664,0.182794026,0.182794026,0.001116472,0.021848142,0.014285812,0.00261136,0.182794026,0.009341042,0.051101493,0.009341042,0.182794026,0.00261136,0.021848142
0.051101493,0.051101493,0.279557718,0.033413664,0.279557718,0.182794026,0.279557718,0.119523268,0.000477342,0.653868626,1.39E-09,0.279557718,0.279557718,0.014285812,0.014285812,0.279557718,0.182794026,0.051101493,1.91E-06,0.009341042,0.119523268,1,0.000730026,0.014285812,0.279557718,0.279557718,0.182794026,0.009341042,2.28E-07,0.182794026,0.021848142,1.09E-10,0.033413664,0.001707487,0.279557718,8.15E-07,0.279557718,0.014285812,0.000312118,0.000312118,0.279557718,0.182794026,0.033413664,0.279557718,0.033413664,0.078152499,0.279557718,0.279557718,0.653868626,0.182794026,0.078152499,0.119523268,0.033413664,0.033413664,0.021848142,0.051101493,0.051101493,0.006107816,0.051101493,0.182794026,0.279557718,0.279557718,0.051101493,0.279557718,0.279557718,0.021848142,0.000133444,0.033413664,0.00261136,0.001707487,0.000477342,0.182794026,0.078152499,0.033413664,0.051101493,0.653868626,0.279557718,0.001707487,0.033413664,0.021848142,0.00399371,0.279557718,0.014285812,0.078152499,0.014285812,0.279557718,0.00399371,0.033413664
0.000204084,0.000204084,0.001116472,0.000133444,0.001116472,0.000730026,0.001116472,0.000477342,8.15E-07,0.001116472,2.38E-12,0.001116472,0.001116472,5.71E-05,5.71E-05,0.001116472,0.000730026,0.000204084,3.26E-09,8.73E-05,0.000477342,0.000730026,1,0.000133444,0.001116472,0.001116472,0.000730026,3.73E-05,9.10E-10,0.000730026,8.73E-05,1.86E-13,0.000133444,6.82E-06,0.001116472,3.26E-09,0.001116472,5.71E-05,1.25E-06,5.33E-07,0.00261136,0.001707487,0.000133444,0.001116472,0.000133444,0.000312118,0.001116472,0.001116472,0.001116472,0.000730026,0.000312118,0.000477342,0.000133444,0.000133444,0.000204084,0.000204084,0.000204084,2.44E-05,0.000204084,0.000730026,0.001116472,0.001116472,8.73E-05,0.001116472,0.001116472,8.73E-05,5.33E-07,0.000133444,1.04E-05,6.82E-06,1.91E-06,0.000312118,0.000312118,0.000133444,0.000204084,0.001116472,0.001116472,6.82E-06,0.000133444,8.73E-05,1.59E-05,0.001116472,5.71E-05,0.000312118,5.71E-05,0.001116472,1.59E-05,0.000133444
0.00399371,0.00399371,0.021848142,0.00261136,0.021848142,0.014285812,0.021848142,0.009341042,1.59E-05,0.021848142,4.65E-11,0.021848142,0.021848142,0.001116472,0.001116472,0.021848142,0.014285812,0.00399371,6.37E-08,0.001707487,0.009341042,0.014285812,0.000133444,1,0.021848142,0.021848142,0.014285812,0.000730026,1.78E-08,0.014285812,0.001707487,3.63E-12,0.00261136,0.000133444,0.021848142,6.37E-08,0.021848142,0.001116472,2.44E-05,1.04E-05,0.051101493,0.033413664,0.00261136,0.021848142,0.00261136,0.006107816,0.021848142,0.021848142,0.021848142,0.014285812,0.006107816,0.009341042,0.00261136,0.00261136,0.00399371,0.00399371,0.00399371,0.000477342,0.00399371,0.014285812,0.021848142,0.021848142,0.001707487,0.021848142,0.021848142,0.001707487,1.04E-05,0.00261136,0.000204084,0.000133444,3.73E-05,0.006107816,0.006107816,0.00261136,0.00399371,0.021848142,0.021848142,0.000133444,0.00261136,0.001707487,0.000312118,0.021848142,0.001116472,0.006107816,0.001116472,0.021848142,0.000312118,0.00261136
0.078152499,0.078152499,0.427544206,0.051101493,0.427544206,0.279557718,0.427544206,0.182794026,0.000312118,0.427544206,9.10E-10,0.427544206,0.427544206,0.021848142,0.021848142,0.427544206,0.279557718,0.078152499,1.25E-06,0.014285812,0.182794026,0.279557718,0.001116472,0.021848142,1,0.427544206,0.279557718,0.014285812,3.48E-07,0.279557718,0.033413664,7.11E-11,0.051101493,0.00261136,0.427544206,1.25E-06,0.427544206,0.021848142,0.000477342,0.000204084,0.427544206,0.279557718,0.051101493,0.427544206,0.051101493,0.119523268,0.427544206,0.427544206,0.427544206,0.279557718,0.119523268,0.182794026,0.051101493,0.051101493,0.033413664,0.078152499,0.078152499,0.009341042,0.078152499,0.279557718,0.427544206,0.427544206,0.033413664,0.427544206,0.427544206,0.033413664,0.000204084,0.051101493,0.00399371,0.00261136,0.000730026,0.119523268,0.119523268,0.051101493,0.078152499,0.427544206,0.427544206,0.00261136,0.051101493,0.033413664,0.006107816,0.427544206,0.021848142,0.119523268,0.021848142,0.427544206,0.006107816,0.051101493
0.078152499,0.078152499,0.427544206,0.051101493,0.427544206,0.279557718,0.427544206,0.182794026,0.000312118,0.427544206,9.10E-10,0.427544206,0.427544206,0.021848142,0.021848142,0.427544206,0.279557718,0.078152499,1.25E-06,0.014285812,0.182794026,0.279557718,0.001116472,0.021848142,0.427544206,1,0.279557718,0.014285812,3.48E-07,0.279557718,0.033413664,7.11E-11,0.051101493,0.00261136,0.427544206,1.25E-06,0.427544206,0.021848142,0.000477342,0.000204084,0.427544206,0.279557718,0.051101493,0.427544206,0.051101493,0.119523268,0.427544206,0.427544206,0.427544206,0.279557718,0.119523268,0.182794026,0.051101493,0.051101493,0.033413664,0.078152499,0.078152499,0.009341042,0.078152499,0.279557718,0.427544206,0.427544206,0.033413664,0.427544206,0.427544206,0.033413664,0.000204084,0.051101493,0.00399371,0.00261136,0.000730026,0.119523268,0.119523268,0.051101493,0.078152499,0.427544206,0.427544206,0.00261136,0.051101493,0.033413664,0.006107816,0.427544206,0.021848142,0.119523268,0.021848142,0.427544206,0.006107816,0.051101493
0.051101493,0.051101493,0.279557718,0.033413664,0.279557718,0.182794026,0.279557718,0.119523268,0.000204084,0.279557718,5.95E-10,0.279557718,0.279557718,0.014285812,0.014285812,0.279557718,0.182794026,0.051101493,8.15E-07,0.009341042,0.119523268,0.182794026,0.000730026,0.014285812,0.279557718,0.279557718,1,0.009341042,2.28E-07,0.182794026,0.021848142,4.65E-11,0.033413664,0.001707487,0.279557718,8.15E-07,0.279557718,0.014285812,0.000312118,0.000133444,0.279557718,0.182794026,0.033413664,0.279557718,0.033413664,0.078152499,0.279557718,0.279557718,0.279557718,0.182794026,0.078152499,0.119523268,0.033413664,0.033413664,0.021848142,0.051101493,0.051101493,0.006107816,0.051101493,0.182794026,0.279557718,0.279557718,0.021848142,0.279557718,0.279557718,0.021848142,0.000133444,0.033413664,0.00261136,0.001707487,0.000477342,0.078152499,0.078152499,0.033413664,0.051101493,0.279557718,0.279557718,0.001707487,0.033413664,0.021848142,0.00399371,0.279557718,0.014285812,0.078152499,0.014285812,0.279557718,0.00399371,0.033413664
0.00261136,0.00261136,0.014285812,0.00399371,0.014285812,0.009341042,0.014285812,0.006107816,1.04E-05,0.014285812,3.04E-11,0.014285812,0.014285812,0.000730026,0.000730026,0.014285812,0.009341042,0.00261136,4.17E-08,0.000477342,0.006107816,0.009341042,3.73E-05,0.000730026,0.014285812,0.014285812,0.009341042,1,1.16E-08,0.009341042,0.001116472,2.38E-12,0.001707487,8.73E-05,0.014285812,4.17E-08,0.014285812,0.000730026,1.59E-05,6.82E-06,0.014285812,0.009341042,0.001707487,0.014285812,0.001707487,0.00399371,0.014285812,0.014285812,0.014285812,0.009341042,0.00399371,0.006107816,0.001707487,0.001707487,0.001116472,0.00261136,0.00261136,0.000730026,0.00261136,0.009341042,0.014285812,0.014285812,0.001116472,0.014285812,0.014285812,0.001116472,6.82E-06,0.001707487,0.000312118,8.73E-05,2.44E-05,0.00399371,0.00399371,0.001707487,0.00261136,0.014285812,0.014285812,8.73E-05,0.001707487,0.001116472,0.000204084,0.014285812,0.000730026,0.00399371,0.000730026,0.014285812,0.000204084,0.001707487
6.37E-08,6.37E-08,3.48E-07,4.17E-08,3.48E-07,2.28E-07,3.48E-07,1.49E-07,5.95E-10,3.48E-07,7.42E-16,3.48E-07,3.48E-07,1.78E-08,1.78E-08,3.48E-07,2.28E-07,6.37E-08,2.38E-12,1.16E-08,1.49E-07,2.28E-07,9.10E-10,1.78E-08,3.48E-07,3.48E-07,2.28E-07,1.16E-08,1,2.28E-07,2.72E-08,5.80E-17,4.17E-08,2.13E-09,3.48E-07,1.02E-12,3.48E-07,1.78E-08,3.89E-10,9.10E-10,3.48E-07,2.28E-07,4.17E-08,3.48E-07,4.17E-08,9.74E-08,3.48E-07,3.48E-07,3.48E-07,2.28E-07,9.74E-08,1.49E-07,9.74E-08,9.74E-08,2.72E-08,6.37E-08,6.37E-08,7.61E-09,6.37E-08,2.28E-07,3.48E-07,3.48E-07,2.72E-08,3.48E-07,3.48E-07,2.72E-08,1.66E-10,4.17E-08,3.26E-09,2.13E-09,5.95E-10,9.74E-08,9.74E-08,4.17E-08,6.37E-08,3.48E-07,3.48E-07,2.13E-09,4.17E-08,2.72E-08,4.98E-09,3.48E-07,1.78E-08,9.74E-08,1.78E-08,3.48E-07,4.98E-09,4.17E-08
0.051101493,0.051101493,0.279557718,0.033413664,0.279557718,0.182794026,0.279557718,0.119523268,0.000204084,0.279557718,5.95E-10,0.279557718,0.279557718,0.014285812,0.014285812,0.279557718,0.182794026,0.051101493,8.15E-07,0.009341042,0.119523268,0.182794026,0.000730026,0.014285812,0.279557718,0.279557718,0.182794026,0.009341042,2.28E-07,1,0.021848142,4.65E-11,0.033413664,0.001707487,0.279557718,8.15E-07,0.279557718,0.014285812,0.000312118,0.000133444,0.279557718,0.182794026,0.033413664,0.279557718,0.033413664,0.078152499,0.279557718,0.279557718,0.279557718,0.182794026,0.078152499,0.119523268,0.033413664,0.033413664,0.021848142,0.051101493,0.051101493,0.006107816,0.051101493,0.182794026,0.279557718,0.279557718,0.021848142,0.279557718,0.279557718,0.021848142,0.000133444,0.033413664,0.00261136,0.001707487,0.000477342,0.078152499,0.078152499,0.033413664,0.051101493,0.279557718,0.279557718,0.001707487,0.033413664,0.021848142,0.00399371,0.279557718,0.014285812,0.078152499,0.014285812,0.279557718,0.00399371,0.033413664
0.006107816,0.006107816,0.033413664,0.00399371,0.033413664,0.021848142,0.033413664,0.014285812,2.44E-05,0.033413664,7.11E-11,0.033413664,0.033413664,0.001707487,0.001707487,0.033413664,0.021848142,0.006107816,9.74E-08,0.001116472,0.014285812,0.021848142,8.73E-05,0.001707487,0.033413664,0.033413664,0.021848142,0.001116472,2.72E-08,0.021848142,1,5.56E-12,0.00399371,0.000204084,0.033413664,9.74E-08,0.033413664,0.001707487,3.73E-05,1.59E-05,0.033413664,0.021848142,0.00399371,0.033413664,0.00399371,0.009341042,0.033413664,0.033413664,0.033413664,0.021848142,0.009341042,0.014285812,0.00399371,0.00399371,0.00261136,0.006107816,0.006107816,0.000730026,0.006107816,0.021848142,0.033413664,0.033413664,0.00261136,0.033413664,0.033413664,0.00261136,1.59E-05,0.00399371,0.000312118,0.000204084,5.71E-05,0.009341042,0.009341042,0.00399371,0.006107816,0.033413664,0.033413664,0.000204084,0.00399371,0.00261136,0.000477342,0.033413664,0.001707487,0.009341042,0.001707487,0.033413664,0.000477342,0.00399371
1.30E-11,1.30E-11,7.11E-11,8.50E-12,1.66E-10,4.65E-11,7.11E-11,3.04E-11,1.21E-13,1.66E-10,8.28E-19,7.11E-11,7.11E-11,3.63E-12,3.63E-12,1.66E-10,1.09E-10,1.30E-11,6.21E-15,2.38E-12,3.04E-11,1.09E-10,1.86E-13,3.63E-12,7.11E-11,7.11E-11,4.65E-11,2.38E-12,5.80E-17,4.65E-11,5.56E-12,1,8.50E-12,1.02E-12,7.11E-11,4.85E-16,7.11E-11,3.63E-12,7.94E-14,4.34E-13,7.11E-11,4.65E-11,8.50E-12,7.11E-11,8.50E-12,1.99E-11,7.11E-11,7.11E-11,1.66E-10,4.65E-11,1.99E-11,3.04E-11,8.50E-12,1.99E-11,5.56E-12,1.30E-11,1.30E-11,3.63E-12,1.30E-11,4.65E-11,7.11E-11,7.11E-11,1.30E-11,7.11E-11,7.11E-11,5.56E-12,7.94E-14,8.50E-12,6.64E-13,1.02E-12,1.21E-13,4.65E-11,1.99E-11,8.50E-12,1.30E-11,1.66E-10,7.11E-11,4.34E-13,8.50E-12,5.56E-12,1.02E-12,7.11E-11,3.63E-12,1.99E-11,3.63E-12,7.11E-11,1.02E-12,8.50E-12
0.009341042,0.009341042,0.051101493,0.006107816,0.051101493,0.033413664,0.051101493,0.021848142,3.73E-05,0.051101493,1.09E-10,0.051101493,0.051101493,0.00261136,0.00261136,0.051101493,0.033413664,0.009341042,1.49E-07,0.001707487,0.021848142,0.033413664,0.000133444,0.00261136,0.051101493,0.051101493,0.033413664,0.001707487,4.17E-08,0.033413664,0.00399371,8.50E-12,1,0.000312118,0.051101493,1.49E-07,0.051101493,0.00261136,5.71E-05,2.44E-05,0.051101493,0.033413664,0.006107816,0.051101493,0.006107816,0.014285812,0.051101493,0.051101493,0.051101493,0.033413664,0.014285812,0.021848142,0.006107816,0.006107816,0.00399371,0.009341042,0.009341042,0.001116472,0.009341042,0.033413664,0.051101493,0.051101493,0.00399371,0.051101493,0.051101493,0.00399371,2.44E-05,0.006107816,0.000477342,0.000312118,8.73E-05,0.014285812,0.014285812,0.006107816,0.009341042,0.051101493,0.051101493,0.000312118,0.006107816,0.00399371,0.000730026,0.051101493,0.00261136,0.014285812,0.00261136,0.051101493,0.000730026,0.006107816
0.000477342,0.000477342,0.00261136,0.000312118,0.006107816,0.001707487,0.00261136,0.001116472,1.91E-06,0.00261136,5.56E-12,0.00261136,0.00261136,0.000133444,0.000133444,0.00261136,0.001707487,0.000477342,1.78E-08,8.73E-05,0.001116472,0.001707487,6.82E-06,0.000133444,0.00261136,0.00261136,0.001707487,8.73E-05,2.13E-09,0.001707487,0.000204084,1.02E-12,0.000312118,1,0.00261136,7.61E-09,0.00261136,0.000133444,2.92E-06,2.92E-06,0.00261136,0.001707487,0.000312118,0.00261136,0.000312118,0.000730026,0.00261136,0.00261136,0.00261136,0.001707487,0.000730026,0.001116472,0.000312118,0.000312118,0.000204084,0.000477342,0.000477342,5.71E-05,0.000477342,0.001707487,0.00261136,0.00261136,0.000204084,0.00261136,0.00261136,0.000204084,1.25E-06,0.000312118,2.44E-05,3.73E-05,4.46E-06,0.000730026,0.000730026,0.000312118,0.000477342,0.00261136,0.00261136,1.59E-05,0.000312118,0.000204084,3.73E-05,0.00261136,0.000133444,0.000730026,0.000133444,0.00261136,3.73E-05,0.000312118
0.078152499,0.078152499,0.427544206,0.051101493,0.427544206,0.279557718,0.427544206,0.182794026,0.000312118,0.427544206,9.10E-10,0.427544206,0.427544206,0.021848142,0.021848142,0.427544206,0.279557718,0.078152499,1.25E-06,0.014285812,0.182794026,0.279557718,0.001116472,0.021848142,0.427544206,0.427544206,0.279557718,0.014285812,3.48E-07,0.279557718,0.033413664,7.11E-11,0.051101493,0.00261136,1,1.25E-06,0.427544206,0.021848142,0.000477342,0.000477342,0.427544206,0.279557718,0.051101493,0.427544206,0.051101493,0.119523268,0.427544206,0.427544206,0.427544206,0.279557718,0.119523268,0.182794026,0.051101493,0.051101493,0.033413664,0.078152499,0.078152499,0.009341042,0.078152499,0.279557718,0.427544206,0.427544206,0.033413664,0.427544206,0.427544206,0.033413664,0.000204084,0.051101493,0.00399371,0.00261136,0.000730026,0.119523268,0.119523268,0.051101493,0.078152499,0.427544206,1,0.00261136,0.051101493,0.033413664,0.006107816,0.427544206,0.021848142,0.119523268,0.021848142,0.427544206,0.006107816,0.051101493
2.28E-07,2.28E-07,1.25E-06,1.49E-07,1.25E-06,8.15E-07,1.25E-06,5.33E-07,9.10E-10,1.25E-06,6.21E-15,1.25E-06,1.25E-06,6.37E-08,6.37E-08,2.92E-06,8.15E-07,2.28E-07,1.99E-11,4.17E-08,5.33E-07,8.15E-07,3.26E-09,6.37E-08,1.25E-06,1.25E-06,8.15E-07,4.17E-08,1.02E-12,8.15E-07,9.74E-08,4.85E-16,1.49E-07,7.61E-09,1.25E-06,1,1.25E-06,6.37E-08,1.39E-09,1.39E-09,1.25E-06,8.15E-07,1.49E-07,1.25E-06,1.49E-07,3.48E-07,1.25E-06,2.92E-06,1.25E-06,8.15E-07,3.48E-07,5.33E-07,1.49E-07,1.49E-07,9.74E-08,2.28E-07,2.28E-07,2.72E-08,5.33E-07,8.15E-07,1.25E-06,1.25E-06,9.74E-08,1.25E-06,1.25E-06,9.74E-08,5.95E-10,1.49E-07,1.16E-08,7.61E-09,2.13E-09,3.48E-07,3.48E-07,1.49E-07,2.28E-07,1.25E-06,1.25E-06,7.61E-09,1.49E-07,9.74E-08,1.78E-08,1.25E-06,6.37E-08,3.48E-07,6.37E-08,1.25E-06,1.78E-08,1.49E-07
0.078152499,0.078152499,0.427544206,0.051101493,0.427544206,0.279557718,0.427544206,0.182794026,0.000312118,0.427544206,9.10E-10,0.427544206,0.427544206,0.021848142,0.021848142,0.427544206,0.279557718,0.078152499,1.25E-06,0.014285812,0.182794026,0.279557718,0.001116472,0.021848142,0.427544206,0.427544206,0.279557718,0.014285812,3.48E-07,0.279557718,0.033413664,7.11E-11,0.051101493,0.00261136,0.427544206,1.25E-06,1,0.021848142,0.000477342,0.000204084,0.427544206,0.279557718,0.051101493,0.427544206,0.051101493,0.119523268,0.427544206,0.427544206,0.427544206,0.279557718,0.119523268,0.182794026,0.051101493,0.051101493,0.033413664,0.078152499,0.078152499,0.009341042,0.078152499,0.279557718,0.427544206,0.427544206,0.033413664,0.427544206,0.427544206,0.033413664,0.000204084,0.051101493,0.00399371,0.00261136,0.000730026,0.119523268,0.119523268,0.051101493,0.078152499,0.427544206,0.427544206,0.00261136,0.051101493,0.033413664,0.006107816,0.427544206,0.021848142,0.119523268,0.021848142,0.427544206,0.006107816,0.051101493
0.00399371,0.00399371,0.021848142,0.00261136,0.021848142,0.014285812,0.021848142,0.009341042,1.59E-05,0.021848142,4.65E-11,0.021848142,0.021848142,0.001116472,0.001116472,0.021848142,0.014285812,0.00399371,6.37E-08,0.000730026,0.009341042,0.014285812,5.71E-05,0.001116472,0.021848142,0.021848142,0.014285812,0.000730026,1.78E-08,0.014285812,0.001707487,3.63E-12,0.00261136,0.000133444,0.021848142,6.37E-08,0.021848142,1,2.44E-05,1.04E-05,0.021848142,0.014285812,0.00261136,0.021848142,0.00261136,0.006107816,0.021848142,0.021848142,0.021848142,0.014285812,0.006107816,0.009341042,0.00261136,0.00261136,0.001707487,0.00399371,0.00399371,0.000477342,0.00399371,0.014285812,0.021848142,0.021848142,0.001707487,0.021848142,0.021848142,0.001707487,1.04E-05,0.00261136,0.000204084,0.000133444,3.73E-05,0.006107816,0.006107816,0.00261136,0.00399371,0.021848142,0.021848142,0.000133444,0.00261136,0.00399371,0.000312118,0.021848142,0.001116472,0.006107816,0.001116472,0.021848142,0.000312118,0.00261136
8.73E-05,8.73E-05,0.000477342,5.71E-05,0.000477342,0.000312118,0.000477342,0.000204084,3.48E-07,0.000477342,1.02E-12,0.000477342,0.000477342,2.44E-05,2.44E-05,0.000477342,0.000312118,8.73E-05,1.39E-09,1.59E-05,0.000204084,0.000312118,1.25E-06,2.44E-05,0.000477342,0.000477342,0.000312118,1.59E-05,3.89E-10,0.000312118,3.73E-05,7.94E-14,5.71E-05,2.92E-06,0.000477342,1.39E-09,0.000477342,2.44E-05,1,2.28E-07,0.000477342,0.000312118,5.71E-05,0.000477342,5.71E-05,0.000133444,0.000477342,0.000477342,0.000477342,0.000312118,0.000133444,0.000204084,5.71E-05,5.71E-05,3.73E-05,8.73E-05,8.73E-05,1.04E-05,8.73E-05,0.000312118,0.000477342,0.000477342,3.73E-05,0.000477342,0.000477342,3.73E-05,2.28E-07,5.71E-05,4.46E-06,2.92E-06,8.15E-07,0.000133444,0.000133444,5.71E-05,8.73E-05,0.000477342,0.000477342,2.92E-06,5.71E-05,3.73E-05,6.82E-06,0.000477342,2.44E-05,0.000133444,2.44E-05,0.000477342,6.82E-06,5.71E-05
3.73E-05,3.73E-05,0.000204084,2.44E-05,0.000477342,0.000133444,0.000204084,8.73E-05,8.15E-07,0.000477342,1.02E-12,0.000204084,0.000204084,1.04E-05,1.04E-05,0.000477342,0.000133444,3.73E-05,1.78E-08,6.82E-06,8.73E-05,0.000312118,5.33E-07,1.04E-05,0.000204084,0.000204084,0.000133444,6.82E-06,9.10E-10,0.000133444,1.59E-05,4.34E-13,2.44E-05,2.92E-06,0.000477342,1.39E-09,0.000204084,1.04E-05,2.28E-07,1,0.000204084,0.000133444,2.44E-05,0.000204084,5.71E-05,5.71E-05,0.000204084,0.000204084,0.000477342,0.000133444,5.71E-05,8.73E-05,5.71E-05,5.71E-05,1.59E-05,3.73E-05,3.73E-05,4.46E-06,3.73E-05,0.000133444,0.000204084,0.000204084,3.73E-05,0.000204084,0.000204084,1.59E-05,9.74E-08,2.44E-05,1.91E-06,2.92E-06,3.48E-07,0.000133444,5.71E-05,2.44E-05,3.73E-05,0.000477342,0.000477342,1.25E-06,2.44E-05,1.59E-05,2.92E-06,0.000204084,1.04E-05,5.71E-05,1.04E-05,0.000204084,2.92E-06,2.44E-05
0.078152499,0.078152499,0.427544206,0.051101493,0.427544206,0.279557718,0.427544206,0.182794026,0.000312118,0.427544206,9.10E-10,0.427544206,0.427544206,0.021848142,0.021848142,0.427544206,0.279557718,0.078152499,1.25E-06,0.033413664,0.182794026,0.279557718,0.00261136,0.051101493,0.427544206,0.427544206,0.279557718,0.014285812,3.48E-07,0.279557718,0.033413664,7.11E-11,0.051101493,0.00261136,0.427544206,1.25E-06,0.427544206,0.021848142,0.000477342,0.000204084,1,0.653868626,0.051101493,0.427544206,0.051101493,0.119523268,0.427544206,0.427544206,0.427544206,0.279557718,0.119523268,0.182794026,0.051101493,0.051101493,0.078152499,0.078152499,0.078152499,0.009341042,0.078152499,0.279557718,0.427544206,0.427544206,0.033413664,0.427544206,0.427544206,0.033413664,0.000204084,0.051101493,0.00399371,0.00261136,0.000730026,0.119523268,0.119523268,0.051101493,0.078152499,0.427544206,0.427544206,0.00261136,0.051101493,0.033413664,0.006107816,0.427544206,0.021848142,0.119523268,0.021848142,0.427544206,0.006107816,0.051101493
0.051101493,0.051101493,0.279557718,0.033413664,0.279557718,0.182794026,0.279557718,0.119523268,0.000204084,0.279557718,5.95E-10,0.279557718,0.279557718,0.014285812,0.014285812,0.279557718,0.182794026,0.051101493,8.15E-07,0.021848142,0.119523268,0.182794026,0.001707487,0.033413664,0.279557718,0.279557718,0.182794026,0.009341042,2.28E-07,0.182794026,0.021848142,4.65E-11,0.033413664,0.001707487,0.279557718,8.15E-07,0.279557718,0.014285812,0.000312118,0.000133444,0.653868626,1,0.033413664,0.279557718,0.033413664,0.078152499,0.279557718,0.279557718,0.279557718,0.182794026,0.078152499,0.119523268,0.033413664,0.033413664,0.051101493,0.051101493,0.051101493,0.006107816,0.051101493,0.182794026,0.279557718,0.279557718,0.021848142,0.279557718,0.279557718,0.021848142,0.000133444,0.033413664,0.00261136,0.001707487,0.000477342,0.078152499,0.078152499,0.033413664,0.051101493,0.279557718,0.279557718,0.001707487,0.033413664,0.021848142,0.00399371,0.279557718,0.014285812,0.078152499,0.014285812,0.279557718,0.00399371,0.033413664
0.009341042,0.009341042,0.051101493,0.006107816,0.051101493,0.033413664,0.051101493,0.021848142,3.73E-05,0.051101493,1.09E-10,0.051101493,0.051101493,0.00261136,0.00261136,0.051101493,0.033413664,0.009341042,1.49E-07,0.001707487,0.021848142,0.033413664,0.000133444,0.00261136,0.051101493,0.051101493,0.033413664,0.001707487,4.17E-08,0.033413664,0.00399371,8.50E-12,0.006107816,0.000312118,0.051101493,1.49E-07,0.051101493,0.00261136,5.71E-05,2.44E-05,0.051101493,0.033413664,1,0.051101493,0.006107816,0.014285812,0.051101493,0.051101493,0.051101493,0.033413664,0.014285812,0.021848142,0.006107816,0.006107816,0.00399371,0.009341042,0.009341042,0.001116472,0.009341042,0.033413664,0.051101493,0.051101493,0.00399371,0.051101493,0.051101493,0.00399371,2.44E-05,0.006107816,0.000477342,0.000312118,8.73E-05,0.014285812,0.014285812,0.006107816,0.009341042,0.051101493,0.051101493,0.000312118,0.006107816,0.00399371,0.000730026,0.051101493,0.00261136,0.014285812,0.00261136,0.051101493,0.000730026,0.006107816
0.078152499,0.078152499,0.427544206,0.051101493,0.427544206,0.279557718,0.427544206,0.182794026,0.000312118,0.427544206,9.10E-10,0.427544206,0.427544206,0.021848142,0.021848142,0.427544206,0.279557718,0.078152499,1.25E-06,0.014285812,0.182794026,0.279557718,0.001116472,0.021848142,0.427544206,0.427544206,0.279557718,0.014285812,3.48E-07,0.279557718,0.033413664,7.11E-11,0.051101493,0.00261136,0.427544206,1.25E-06,0.427544206,0.021848142,0.000477342,0.000204084,0.427544206,0.279557718,0.051101493,1,0.051101493,0.119523268,0.427544206,0.427544206,0.427544206,0.279557718,0.119523268,0.182794026,0.051101493,0.051101493,0.033413664,0.078152499,0.078152499,0.009341042,0.078152499,0.279557718,0.427544206,0.427544206,0.033413664,0.427544206,0.427544206,0.033413664,0.000204084,0.051101493,0.00399371,0.00261136,0.000730026,0.119523268,0.119523268,0.051101493,0.078152499,0.427544206,0.427544206,0.00261136,0.051101493,0.033413664,0.006107816,0.427544206,0.021848142,0.119523268,0.021848142,0.427544206,0.006107816,0.051101493
0.009341042,0.009341042,0.051101493,0.006107816,0.051101493,0.033413664,0.051101493,0.021848142,3.73E-05,0.051101493,1.09E-10,0.051101493,0.051101493,0.00261136,0.00261136,0.051101493,0.033413664,0.009341042,1.49E-07,0.001707487,0.021848142,0.033413664,0.000133444,0.00261136,0.051101493,0.051101493,0.033413664,0.001707487,4.17E-08,0.033413664,0.00399371,8.50E-12,0.006107816,0.000312118,0.051101493,1.49E-07,0.051101493,0.00261136,5.71E-05,5.71E-05,0.051101493,0.033413664,0.006107816,0.051101493,1,0.014285812,0.051101493,0.051101493,0.051101493,0.033413664,0.014285812,0.021848142,0.006107816,0.006107816,0.00399371,0.009341042,0.009341042,0.001116472,0.009341042,0.033413664,0.051101493,0.051101493,0.00399371,0.051101493,0.051101493,0.00399371,2.44E-05,0.006107816,0.000477342,0.000312118,8.73E-05,0.014285812,0.014285812,0.006107816,0.009341042,0.051101493,0.051101493,0.000312118,0.006107816,0.00399371,0.000730026,0.051101493,0.00261136,0.014285812,0.00261136,0.051101493,0.000730026,0.006107816
0.021848142,0.021848142,0.119523268,0.014285812,0.119523268,0.078152499,0.119523268,0.051101493,8.73E-05,0.119523268,2.54E-10,0.119523268,0.119523268,0.006107816,0.006107816,0.119523268,0.078152499,0.021848142,3.48E-07,0.00399371,0.051101493,0.078152499,0.000312118,0.006107816,0.119523268,0.119523268,0.078152499,0.00399371,9.74E-08,0.078152499,0.009341042,1.99E-11,0.014285812,0.000730026,0.119523268,3.48E-07,0.119523268,0.006107816,0.000133444,5.71E-05,0.119523268,0.078152499,0.014285812,0.119523268,0.014285812,1,0.119523268,0.119523268,0.119523268,0.078152499,0.033413664,0.051101493,0.014285812,0.014285812,0.009341042,0.021848142,0.021848142,0.00261136,0.021848142,0.078152499,0.119523268,0.119523268,0.009341042,0.119523268,0.119523268,0.009341042,5.71E-05,0.014285812,0.001116472,0.000730026,0.000204084,0.033413664,0.033413664,0.014285812,0.021848142,0.119523268,0.119523268,0.000730026,0.014285812,0.009341042,0.001707487,0.119523268,0.006107816,0.033413664,0.006107816,0.119523268,0.001707487,0.014285812
0.078152499,0.078152499,0.427544206,0.051101493,0.427544206,0.279557718,0.427544206,0.182794026,0.000312118,0.427544206,9.10E-10,0.427544206,0.427544206,0.021848142,0.021848142,0.427544206,0.279557718,0.078152499,1.25E-06,0.014285812,0.182794026,0.279557718,0.001116472,0.021848142,0.427544206,0.427544206,0.279557718,0.014285812,3.48E-07,0.279557718,0.033413664,7.11E-11,0.051101493,0.00261136,0.427544206,1.25E-06,0.427544206,0.021848142,0.000477342,0.000204084,0.427544206,0.279557718,0.051101493,0.427544206,0.051101493,0.119523268,1,0.427544206,0.427544206,0.279557718,0.119523268,0.182794026,0.051101493,0.051101493,0.033413664,0.078152499,0.078152499,0.009341042,0.078152499,0.279557718,0.427544206,0.427544206,0.033413664,0.427544206,0.427544206,0.033413664,0.000204084,0.051101493,0.00399371,0.00261136,0.000730026,0.119523268,0.119523268,0.051101493,0.078152499,0.427544206,0.427544206,0.00261136,0.051101493,0.033413664,0.006107816,0.427544206,0.021848142,0.119523268,0.021848142,0.427544206,0.006107816,0.051101493
0.078152499,0.078152499,0.427544206,0.051101493,0.427544206,0.279557718,0.427544206,0.182794026,0.000312118,0.427544206,9.10E-10,0.427544206,0.427544206,0.021848142,0.021848142,0.427544206,0.279557718,0.078152499,1.25E-06,0.014285812,0.182794026,0.279557718,0.001116472,0.021848142,0.427544206,0.427544206,0.279557718,0.014285812,3.48E-07,0.279557718,0.033413664,7.11E-11,0.051101493,0.00261136,0.427544206,2.92E-06,0.427544206,0.021848142,0.000477342,0.000204084,0.427544206,0.279557718,0.051101493,0.427544206,0.051101493,0.119523268,0.427544206,1,0.427544206,0.279557718,0.119523268,0.182794026,0.051101493,0.051101493,0.033413664,0.078152499,0.078152499,0.009341042,0.078152499,0.279557718,0.427544206,0.427544206,0.033413664,0.427544206,0.427544206,0.033413664,0.000204084,0.051101493,0.00399371,0.00261136,0.000730026,0.119523268,0.119523268,0.051101493,0.078152499,0.427544206,0.427544206,0.00261136,0.051101493,0.033413664,0.006107816,0.427544206,0.021848142,0.119523268,0.021848142,0.427544206,0.006107816,0.051101493
0.078152499,0.078152499,0.427544206,0.051101493,0.427544206,0.279557718,0.427544206,0.182794026,0.000730026,1,2.13E-09,0.427544206,0.427544206,0.021848142,0.021848142,0.427544206,0.279557718,0.078152499,2.92E-06,0.014285812,0.182794026,0.653868626,0.001116472,0.021848142,0.427544206,0.427544206,0.279557718,0.014285812,3.48E-07,0.279557718,0.033413664,1.66E-10,0.051101493,0.00261136,0.427544206,1.25E-06,0.427544206,0.021848142,0.000477342,0.000477342,0.427544206,0.279557718,0.051101493,0.427544206,0.051101493,0.119523268,0.427544206,0.427544206,1,0.279557718,0.119523268,0.182794026,0.051101493,0.051101493,0.033413664,0.078152499,0.078152499,0.009341042,0.078152499,0.279557718,0.427544206,0.427544206,0.078152499,0.427544206,0.427544206,0.033413664,0.000204084,0.051101493,0.00399371,0.00261136,0.000730026,0.279557718,0.119523268,0.051101493,0.078152499,1,0.427544206,0.00261136,0.051101493,0.033413664,0.006107816,0.427544206,0.021848142,0.119523268,0.021848142,0.427544206,0.006107816,0.051101493
0.051101493,0.051101493,0.279557718,0.033413664,0.279557718,0.182794026,0.279557718,0.119523268,0.000204084,0.279557718,5.95E-10,0.279557718,0.279557718,0.014285812,0.014285812,0.279557718,0.182794026,0.051101493,8.15E-07,0.009341042,0.119523268,0.182794026,0.000730026,0.014285812,0.279557718,0.279557718,0.182794026,0.009341042,2.28E-07,0.182794026,0.021848142,4.65E-11,0.033413664,0.001707487,0.279557718,8.15E-07,0.279557718,0.014285812,0.000312118,0.000133444,0.279557718,0.182794026,0.033413664,0.279557718,0.033413664,0.078152499,0.279557718,0.279557718,0.279557718,1,0.078152499,0.119523268,0.033413664,0.033413664,0.021848142,0.051101493,0.051101493,0.006107816,0.051101493,0.182794026,0.279557718,0.279557718,0.021848142,0.279557718,0.279557718,0.021848142,0.000133444,0.033413664,0.00261136,0.001707487,0.000477342,0.078152499,0.078152499,0.033413664,0.051101493,0.279557718,0.279557718,0.001707487,0.033413664,0.021848142,0.00399371,0.279557718,0.014285812,0.078152499,0.014285812,0.279557718,0.00399371,0.033413664
0.021848142,0.021848142,0.119523268,0.014285812,0.119523268,0.078152499,0.119523268,0.051101493,8.73E-05,0.119523268,2.54E-10,0.119523268,0.119523268,0.006107816,0.006107816,0.119523268,0.078152499,0.021848142,3.48E-07,0.00399371,0.051101493,0.078152499,0.000312118,0.006107816,0.119523268,0.119523268,0.078152499,0.00399371,9.74E-08,0.078152499,0.009341042,1.99E-11,0.014285812,0.000730026,0.119523268,3.48E-07,0.119523268,0.006107816,0.000133444,5.71E-05,0.119523268,0.078152499,0.014285812,0.119523268,0.014285812,0.033413664,0.119523268,0.119523268,0.119523268,0.078152499,1,0.051101493,0.014285812,0.014285812,0.009341042,0.021848142,0.021848142,0.00261136,0.021848142,0.078152499,0.119523268,0.119523268,0.009341042,0.119523268,0.119523268,0.009341042,5.71E-05,0.014285812,0.001116472,0.000730026,0.000204084,0.033413664,0.033413664,0.014285812,0.021848142,0.119523268,0.119523268,0.000730026,0.014285812,0.009341042,0.001707487,0.119523268,0.006107816,0.033413664,0.006107816,0.119523268,0.001707487,0.014285812
0.033413664,0.033413664,0.182794026,0.021848142,0.182794026,0.119523268,0.182794026,0.078152499,0.000312118,0.182794026,3.89E-10,0.182794026,0.182794026,0.009341042,0.009341042,0.182794026,0.119523268,0.033413664,5.33E-07,0.006107816,0.078152499,0.119523268,0.000477342,0.009341042,0.182794026,0.182794026,0.119523268,0.006107816,1.49E-07,0.119523268,0.014285812,3.04E-11,0.021848142,0.001116472,0.182794026,5.33E-07,0.182794026,0.009341042,0.000204084,8.73E-05,0.182794026,0.119523268,0.021848142,0.182794026,0.021848142,0.051101493,0.182794026,0.182794026,0.182794026,0.119523268,0.051101493,1,0.021848142,0.021848142,0.014285812,0.033413664,0.033413664,0.00399371,0.033413664,0.119523268,0.182794026,0.182794026,0.014285812,0.182794026,0.182794026,0.014285812,8.73E-05,0.021848142,0.001707487,0.001116472,0.000312118,0.051101493,0.051101493,0.021848142,0.033413664,0.182794026,0.182794026,0.001116472,0.021848142,0.014285812,0.00261136,0.182794026,0.009341042,0.051101493,0.009341042,0.182794026,0.00261136,0.021848142
0.009341042,0.009341042,0.051101493,0.006107816,0.051101493,0.033413664,0.051101493,0.021848142,3.73E-05,0.051101493,1.09E-10,0.051101493,0.051101493,0.00261136,0.00261136,0.051101493,0.033413664,0.009341042,1.49E-07,0.001707487,0.021848142,0.033413664,0.000133444,0.00261136,0.051101493,0.051101493,0.033413664,0.001707487,9.74E-08,0.033413664,0.00399371,8.50E-12,0.006107816,0.000312118,0.051101493,1.49E-07,0.051101493,0.00261136,5.71E-05,5.71E-05,0.051101493,0.033413664,0.006107816,0.051101493,0.006107816,0.014285812,0.051101493,0.051101493,0.051101493,0.033413664,0.014285812,0.021848142,1,0.006107816,0.00399371,0.009341042,0.009341042,0.001116472,0.009341042,0.033413664,0.051101493,0.051101493,0.00399371,0.051101493,0.051101493,0.00399371,2.44E-05,0.006107816,0.000477342,0.000312118,8.73E-05,0.014285812,0.014285812,0.006107816,0.009341042,0.051101493,0.051101493,0.000312118,0.006107816,0.00399371,0.000730026,0.051101493,0.00261136,0.014285812,0.00261136,0.051101493,0.000730026,0.006107816
0.009341042,0.009341042,0.051101493,0.006107816,0.051101493,0.033413664,0.051101493,0.021848142,8.73E-05,0.051101493,2.54E-10,0.051101493,0.051101493,0.00261136,0.00261136,0.051101493,0.033413664,0.009341042,3.48E-07,0.001707487,0.021848142,0.033413664,0.000133444,0.00261136,0.051101493,0.051101493,0.033413664,0.001707487,9.74E-08,0.033413664,0.00399371,1.99E-11,0.006107816,0.000312118,0.051101493,1.49E-07,0.051101493,0.00261136,5.71E-05,5.71E-05,0.051101493,0.033413664,0.006107816,0.051101493,0.006107816,0.014285812,0.051101493,0.051101493,0.051101493,0.033413664,0.014285812,0.021848142,0.006107816,1,0.00399371,0.009341042,0.009341042,0.001116472,0.009341042,0.033413664,0.051101493,0.051101493,0.00399371,0.051101493,0.051101493,0.00399371,0.000133444,0.006107816,0.000477342,0.000312118,8.73E-05,0.014285812,0.014285812,0.006107816,0.009341042,0.051101493,0.051101493,0.000312118,0.006107816,0.00399371,0.000730026,0.051101493,0.00261136,0.014285812,0.00261136,0.051101493,0.000730026,0.006107816
0.006107816,0.006107816,0.033413664,0.00399371,0.033413664,0.021848142,0.033413664,0.014285812,2.44E-05,0.033413664,7.11E-11,0.033413664,0.033413664,0.001707487,0.001707487,0.033413664,0.021848142,0.006107816,9.74E-08,0.00261136,0.014285812,0.021848142,0.000204084,0.00399371,0.033413664,0.033413664,0.021848142,0.001116472,2.72E-08,0.021848142,0.00261136,5.56E-12,0.00399371,0.000204084,0.033413664,9.74E-08,0.033413664,0.001707487,3.73E-05,1.59E-05,0.078152499,0.051101493,0.00399371,0.033413664,0.00399371,0.009341042,0.033413664,0.033413664,0.033413664,0.021848142,0.009341042,0.014285812,0.00399371,0.00399371,1,0.006107816,0.006107816,0.000730026,0.006107816,0.021848142,0.033413664,0.033413664,0.00261136,0.033413664,0.033413664,0.00261136,1.59E-05,0.00399371,0.000312118,0.000204084,5.71E-05,0.009341042,0.009341042,0.00399371,0.006107816,0.033413664,0.033413664,0.000204084,0.00399371,0.00261136,0.000477342,0.033413664,0.001707487,0.009341042,0.001707487,0.033413664,0.000477342,0.00399371
0.014285812,0.014285812,0.078152499,0.009341042,0.078152499,0.051101493,0.078152499,0.033413664,5.71E-05,0.078152499,1.66E-10,0.078152499,0.078152499,0.00399371,0.00399371,0.078152499,0.051101493,0.014285812,2.28E-07,0.00261136,0.033413664,0.051101493,0.000204084,0.00399371,0.078152499,0.078152499,0.051101493,0.00261136,6.37E-08,0.051101493,0.006107816,1.30E-11,0.009341042,0.000477342,0.078152499,2.28E-07,0.078152499,0.00399371,8.73E-05,3.73E-05,0.078152499,0.051101493,0.009341042,0.078152499,0.009341042,0.021848142,0.078152499,0.078152499,0.078152499,0.051101493,0.021848142,0.033413664,0.009341042,0.009341042,0.006107816,1,0.014285812,0.001707487,0.014285812,0.051101493,0.078152499,0.078152499,0.006107816,0.078152499,0.078152499,0.006107816,3.73E-05,0.009341042,0.000730026,0.000477342,0.000133444,0.021848142,0.021848142,0.009341042,0.014285812,0.078152499,0.078152499,0.000477342,0.009341042,0.006107816,0.001116472,0.078152499,0.00399371,0.021848142,0.00399371,0.078152499,0.001116472,0.009341042
0.014285812,0.014285812,0.078152499,0.009341042,0.078152499,0.051101493,0.078152499,0.033413664,5.71E-05,0.078152499,1.66E-10,0.078152499,0.078152499,0.00399371,0.00399371,0.078152499,0.051101493,0.014285812,2.28E-07,0.00261136,0.033413664,0.051101493,0.000204084,0.00399371,0.078152499,0.078152499,0.051101493,0.00261136,6.37E-08,0.051101493,0.006107816,1.30E-11,0.009341042,0.000477342,0.078152499,2.28E-07,0.078152499,0.00399371,8.73E-05,3.73E-05,0.078152499,0.051101493,0.009341042,0.078152499,0.009341042,0.021848142,0.078152499,0.078152499,0.078152499,0.051101493,0.021848142,0.033413664,0.009341042,0.009341042,0.006107816,0.014285812,1,0.001707487,0.014285812,0.051101493,0.078152499,0.078152499,0.006107816,0.078152499,0.078152499,0.006107816,3.73E-05,0.009341042,0.000730026,0.000477342,0.000133444,0.021848142,0.021848142,0.009341042,0.014285812,0.078152499,0.078152499,0.000477342,0.009341042,0.006107816,0.001116472,0.078152499,0.00399371,0.021848142,0.00399371,0.078152499,0.001116472,0.009341042
0.001707487,0.001707487,0.009341042,0.001116472,0.009341042,0.006107816,0.009341042,0.00399371,6.82E-06,0.009341042,1.99E-11,0.009341042,0.009341042,0.000477342,0.000477342,0.009341042,0.006107816,0.001707487,2.72E-08,0.000312118,0.00399371,0.006107816,2.44E-05,0.000477342,0.009341042,0.009341042,0.006107816,0.000730026,7.61E-09,0.006107816,0.000730026,3.63E-12,0.001116472,5.71E-05,0.009341042,2.72E-08,0.009341042,0.000477342,1.04E-05,4.46E-06,0.009341042,0.006107816,0.001116472,0.009341042,0.001116472,0.00261136,0.009341042,0.009341042,0.009341042,0.006107816,0.00261136,0.00399371,0.001116472,0.001116472,0.000730026,0.001707487,0.001707487,1,0.001707487,0.006107816,0.009341042,0.009341042,0.000730026,0.009341042,0.009341042,0.000730026,4.46E-06,0.001116472,0.000204084,5.71E-05,1.59E-05,0.00261136,0.00261136,0.001116472,0.001707487,0.009341042,0.009341042,5.71E-05,0.001116472,0.000730026,0.000133444,0.009341042,0.000477342,0.00261136,0.000477342,0.009341042,0.000133444,0.001116472
0.014285812,0.014285812,0.078152499,0.009341042,0.078152499,0.051101493,0.078152499,0.033413664,5.71E-05,0.078152499,1.66E-10,0.078152499,0.078152499,0.00399371,0.00399371,0.078152499,0.051101493,0.014285812,2.28E-07,0.00261136,0.033413664,0.051101493,0.000204084,0.00399371,0.078152499,0.078152499,0.051101493,0.00261136,6.37E-08,0.051101493,0.006107816,1.30E-11,0.009341042,0.000477342,0.078152499,5.33E-07,0.078152499,0.00399371,8.73E-05,3.73E-05,0.078152499,0.051101493,0.009341042,0.078152499,0.009341042,0.021848142,0.078152499,0.078152499,0.078152499,0.051101493,0.021848142,0.033413664,0.009341042,0.009341042,0.006107816,0.014285812,0.014285812,0.001707487,1,0.051101493,0.078152499,0.078152499,0.006107816,0.078152499,0.078152499,0.006107816,3.73E-05,0.009341042,0.000730026,0.000477342,0.000133444,0.021848142,0.021848142,0.009341042,0.014285812,0.078152499,0.078152499,0.000477342,0.009341042,0.006107816,0.001116472,0.078152499,0.00399371,0.021848142,0.00399371,0.078152499,0.001116472,0.009341042
0.051101493,0.051101493,0.279557718,0.033413664,0.279557718,0.182794026,0.279557718,0.119523268,0.000204084,0.279557718,5.95E-10,0.279557718,0.279557718,0.014285812,0.014285812,0.279557718,0.182794026,0.051101493,8.15E-07,0.009341042,0.119523268,0.182794026,0.000730026,0.014285812,0.279557718,0.279557718,0.182794026,0.009341042,2.28E-07,0.182794026,0.021848142,4.65E-11,0.033413664,0.001707487,0.279557718,8.15E-07,0.279557718,0.014285812,0.000312118,0.000133444,0.279557718,0.182794026,0.033413664,0.279557718,0.033413664,0.078152499,0.279557718,0.279557718,0.279557718,0.182794026,0.078152499,0.119523268,0.033413664,0.033413664,0.021848142,0.051101493,0.051101493,0.006107816,0.051101493,1,0.279557718,0.279557718,0.021848142,0.279557718,0.279557718,0.021848142,0.000133444,0.033413664,0.00261136,0.001707487,0.000477342,0.078152499,0.078152499,0.033413664,0.051101493,0.279557718,0.279557718,0.001707487,0.033413664,0.021848142,0.00399371,0.279557718,0.014285812,0.078152499,0.014285812,0.279557718,0.00399371,0.033413664
0.078152499,0.078152499,0.427544206,0.051101493,0.427544206,0.279557718,0.427544206,0.182794026,0.000312118,0.427544206,2.13E-09,0.427544206,0.427544206,0.021848142,0.021848142,0.427544206,0.279557718,0.078152499,1.25E-06,0.014285812,0.182794026,0.279557718,0.001116472,0.021848142,0.427544206,0.427544206,0.279557718,0.014285812,3.48E-07,0.279557718,0.033413664,7.11E-11,0.051101493,0.00261136,0.427544206,1.25E-06,0.427544206,0.021848142,0.000477342,0.000204084,0.427544206,0.279557718,0.051101493,0.427544206,0.051101493,0.119523268,0.427544206,0.427544206,0.427544206,0.279557718,0.119523268,0.182794026,0.051101493,0.051101493,0.033413664,0.078152499,0.078152499,0.009341042,0.078152499,0.279557718,1,0.427544206,0.078152499,0.427544206,0.427544206,0.033413664,0.000204084,0.051101493,0.00399371,0.00261136,0.000730026,0.119523268,0.119523268,0.051101493,0.078152499,0.427544206,0.427544206,0.00261136,0.051101493,0.033413664,0.006107816,0.427544206,0.021848142,0.119523268,0.021848142,0.427544206,0.006107816,0.051101493
0.078152499,0.078152499,0.427544206,0.051101493,0.427544206,0.279557718,0.427544206,0.182794026,0.000312118,0.427544206,9.10E-10,0.427544206,0.427544206,0.021848142,0.021848142,0.427544206,0.279557718,0.078152499,1.25E-06,0.014285812,0.182794026,0.279557718,0.001116472,0.021848142,0.427544206,0.427544206,0.279557718,0.014285812,3.48E-07,0.279557718,0.033413664,7.11E-11,0.051101493,0.00261136,0.427544206,1.25E-06,0.427544206,0.021848142,0.000477342,0.000204084,0.427544206,0.279557718,0.051101493,0.427544206,0.051101493,0.119523268,0.427544206,0.427544206,0.427544206,0.279557718,0.119523268,0.182794026,0.051101493,0.051101493,0.033413664,0.078152499,0.078152499,0.009341042,0.078152499,0.279557718,0.427544206,1,0.033413664,0.427544206,0.427544206,0.033413664,0.000204084,0.051101493,0.00399371,0.00261136,0.000730026,0.119523268,0.119523268,0.051101493,0.078152499,0.427544206,0.427544206,0.00261136,0.051101493,0.033413664,0.006107816,0.427544206,0.021848142,0.119523268,0.021848142,0.427544206,0.006107816,0.051101493
0.006107816,0.006107816,0.033413664,0.00399371,0.033413664,0.021848142,0.033413664,0.014285812,5.71E-05,0.078152499,3.89E-10,0.033413664,0.033413664,0.001707487,0.001707487,0.033413664,0.021848142,0.006107816,2.28E-07,0.001116472,0.014285812,0.051101493,8.73E-05,0.001707487,0.033413664,0.033413664,0.021848142,0.001116472,2.72E-08,0.021848142,0.00261136,1.30E-11,0.00399371,0.000204084,0.033413664,9.74E-08,0.033413664,0.001707487,3.73E-05,3.73E-05,0.033413664,0.021848142,0.00399371,0.033413664,0.00399371,0.009341042,0.033413664,0.033413664,0.078152499,0.021848142,0.009341042,0.014285812,0.00399371,0.00399371,0.00261136,0.006107816,0.006107816,0.000730026,0.006107816,0.021848142,0.078152499,0.033413664,1,0.033413664,0.033413664,0.006107816,1.59E-05,0.00399371,0.000312118,0.000204084,5.71E-05,0.021848142,0.009341042,0.00399371,0.006107816,0.078152499,0.033413664,0.000204084,0.00399371,0.00261136,0.000477342,0.033413664,0.001707487,0.009341042,0.001707487,0.033413664,0.000477342,0.00399371
0.078152499,0.078152499,0.427544206,0.051101493,0.427544206,0.279557718,0.427544206,0.182794026,0.000312118,0.427544206,9.10E-10,0.427544206,0.427544206,0.021848142,0.021848142,0.427544206,0.279557718,0.078152499,1.25E-06,0.014285812,0.182794026,0.279557718,0.001116472,0.021848142,0.427544206,0.427544206,0.279557718,0.014285812,3.48E-07,0.279557718,0.033413664,7.11E-11,0.051101493,0.00261136,0.427544206,1.25E-06,0.427544206,0.021848142,0.000477342,0.000204084,0.427544206,0.279557718,0.051101493,0.427544206,0.051101493,0.119523268,0.427544206,0.427544206,0.427544206,0.279557718,0.119523268,0.182794026,0.051101493,0.051101493,0.033413664,0.078152499,0.078152499,0.009341042,0.078152499,0.279557718,0.427544206,0.427544206,0.033413664,1,0.427544206,0.033413664,0.000204084,0.051101493,0.00399371,0.00261136,0.000730026,0.119523268,0.119523268,0.051101493,0.078152499,0.427544206,0.427544206,0.00261136,0.051101493,0.033413664,0.006107816,0.427544206,0.021848142,0.119523268,0.021848142,0.427544206,0.006107816,0.051101493
0.078152499,0.078152499,0.427544206,0.051101493,0.427544206,0.279557718,0.427544206,0.182794026,0.000312118,0.427544206,9.10E-10,0.427544206,0.427544206,0.021848142,0.021848142,0.427544206,0.279557718,0.078152499,1.25E-06,0.014285812,0.182794026,0.279557718,0.001116472,0.021848142,0.427544206,0.427544206,0.279557718,0.014285812,3.48E-07,0.279557718,0.033413664,7.11E-11,0.051101493,0.00261136,0.427544206,1.25E-06,0.427544206,0.021848142,0.000477342,0.000204084,0.427544206,0.279557718,0.051101493,0.427544206,0.051101493,0.119523268,0.427544206,0.427544206,0.427544206,0.279557718,0.119523268,0.182794026,0.051101493,0.051101493,0.033413664,0.078152499,0.078152499,0.009341042,0.078152499,0.279557718,0.427544206,0.427544206,0.033413664,0.427544206,1,0.033413664,0.000204084,0.051101493,0.00399371,0.00261136,0.000730026,0.119523268,0.119523268,0.051101493,0.078152499,0.427544206,0.427544206,0.00261136,0.051101493,0.033413664,0.006107816,0.427544206,0.021848142,0.119523268,0.021848142,0.427544206,0.006107816,0.051101493
0.006107816,0.006107816,0.033413664,0.00399371,0.033413664,0.021848142,0.033413664,0.014285812,2.44E-05,0.033413664,7.11E-11,0.033413664,0.033413664,0.001707487,0.001707487,0.033413664,0.021848142,0.006107816,9.74E-08,0.001116472,0.014285812,0.021848142,8.73E-05,0.001707487,0.033413664,0.033413664,0.021848142,0.001116472,2.72E-08,0.021848142,0.00261136,5.56E-12,0.00399371,0.000204084,0.033413664,9.74E-08,0.033413664,0.001707487,3.73E-05,1.59E-05,0.033413664,0.021848142,0.00399371,0.033413664,0.00399371,0.009341042,0.033413664,0.033413664,0.033413664,0.021848142,0.009341042,0.014285812,0.00399371,0.00399371,0.00261136,0.006107816,0.006107816,0.000730026,0.006107816,0.021848142,0.033413664,0.033413664,0.006107816,0.033413664,0.033413664,1,1.59E-05,0.00399371,0.000312118,0.000204084,5.71E-05,0.009341042,0.009341042,0.00399371,0.006107816,0.033413664,0.033413664,0.000204084,0.00399371,0.00261136,0.000477342,0.033413664,0.001707487,0.009341042,0.001707487,0.033413664,0.000477342,0.00399371
3.73E-05,3.73E-05,0.000204084,2.44E-05,0.000204084,0.000133444,0.000204084,8.73E-05,1.49E-07,0.000204084,2.38E-12,0.000204084,0.000204084,1.04E-05,1.04E-05,0.000204084,0.000133444,3.73E-05,5.95E-10,6.82E-06,8.73E-05,0.000133444,5.33E-07,1.04E-05,0.000204084,0.000204084,0.000133444,6.82E-06,1.66E-10,0.000133444,1.59E-05,7.94E-14,2.44E-05,1.25E-06,0.000204084,5.95E-10,0.000204084,1.04E-05,2.28E-07,9.74E-08,0.000204084,0.000133444,2.44E-05,0.000204084,2.44E-05,5.71E-05,0.000204084,0.000204084,0.000204084,0.000133444,5.71E-05,8.73E-05,2.44E-05,0.000133444,1.59E-05,3.73E-05,3.73E-05,4.46E-06,3.73E-05,0.000133444,0.000204084,0.000204084,1.59E-05,0.000204084,0.000204084,1.59E-05,1,2.44E-05,4.46E-06,1.25E-06,8.15E-07,5.71E-05,5.71E-05,2.44E-05,3.73E-05,0.000204084,0.000204084,1.25E-06,2.44E-05,1.59E-05,2.92E-06,0.000204084,1.04E-05,5.71E-05,1.04E-05,0.000204084,2.92E-06,2.44E-05
0.009341042,0.009341042,0.051101493,0.006107816,0.051101493,0.033413664,0.051101493,0.021848142,3.73E-05,0.051101493,1.09E-10,0.051101493,0.051101493,0.00261136,0.00261136,0.051101493,0.033413664,0.009341042,1.49E-07,0.001707487,0.021848142,0.033413664,0.000133444,0.00261136,0.051101493,0.051101493,0.033413664,0.001707487,4.17E-08,0.033413664,0.00399371,8.50E-12,0.006107816,0.000312118,0.051101493,1.49E-07,0.051101493,0.00261136,5.71E-05,2.44E-05,0.051101493,0.033413664,0.006107816,0.051101493,0.006107816,0.014285812,0.051101493,0.051101493,0.051101493,0.033413664,0.014285812,0.021848142,0.006107816,0.006107816,0.00399371,0.009341042,0.009341042,0.001116472,0.009341042,0.033413664,0.051101493,0.051101493,0.00399371,0.051101493,0.051101493,0.00399371,2.44E-05,1,0.000477342,0.000312118,8.73E-05,0.014285812,0.014285812,0.006107816,0.009341042,0.051101493,0.051101493,0.000312118,0.006107816,0.00399371,0.001707487,0.051101493,0.00261136,0.014285812,0.00261136,0.051101493,0.000730026,0.006107816
0.000730026,0.000730026,0.00399371,0.000477342,0.00399371,0.00261136,0.00399371,0.001707487,2.92E-06,0.00399371,1.99E-11,0.00399371,0.00399371,0.000477342,0.000204084,0.00399371,0.00261136,0.000730026,2.72E-08,0.000133444,0.001707487,0.00261136,1.04E-05,0.000204084,0.00399371,0.00399371,0.00261136,0.000312118,3.26E-09,0.00261136,0.000312118,6.64E-13,0.000477342,2.44E-05,0.00399371,1.16E-08,0.00399371,0.000204084,4.46E-06,1.91E-06,0.00399371,0.00261136,0.000477342,0.00399371,0.000477342,0.001116472,0.00399371,0.00399371,0.00399371,0.00261136,0.001116472,0.001707487,0.000477342,0.000477342,0.000312118,0.000730026,0.000730026,0.000204084,0.000730026,0.00261136,0.00399371,0.00399371,0.000312118,0.00399371,0.00399371,0.000312118,4.46E-06,0.000477342,1,2.44E-05,6.82E-06,0.001116472,0.001116472,0.000477342,0.000730026,0.00399371,0.00399371,2.44E-05,0.000477342,0.000312118,5.71E-05,0.00399371,0.000204084,0.001116472,0.000204084,0.00399371,5.71E-05,0.000477342
0.000477342,0.000477342,0.00261136,0.000312118,0.006107816,0.001707487,0.00261136,0.001116472,1.91E-06,0.00261136,5.56E-12,0.00261136,0.00261136,0.000133444,0.000133444,0.00261136,0.001707487,0.000477342,1.78E-08,8.73E-05,0.001116472,0.001707487,6.82E-06,0.000133444,0.00261136,0.00261136,0.001707487,8.73E-05,2.13E-09,0.001707487,0.000204084,1.02E-12,0.000312118,3.73E-05,0.00261136,7.61E-09,0.00261136,0.000133444,2.92E-06,2.92E-06,0.00261136,0.001707487,0.000312118,0.00261136,0.000312118,0.000730026,0.00261136,0.00261136,0.00261136,0.001707487,0.000730026,0.001116472,0.000312118,0.000312118,0.000204084,0.000477342,0.000477342,5.71E-05,0.000477342,0.001707487,0.00261136,0.00261136,0.000204084,0.00261136,0.00261136,0.000204084,1.25E-06,0.000312118,2.44E-05,1,4.46E-06,0.000730026,0.000730026,0.000312118,0.000477342,0.00261136,0.00261136,1.59E-05,0.000312118,0.000204084,3.73E-05,0.00261136,0.000133444,0.000730026,0.000133444,0.00261136,3.73E-05,0.000312118
0.000133444,0.000133444,0.000730026,8.73E-05,0.000730026,0.000477342,0.000730026,0.000312118,5.33E-07,0.000730026,3.63E-12,0.000730026,0.000730026,3.73E-05,3.73E-05,0.000730026,0.000477342,0.000133444,2.13E-09,2.44E-05,0.000312118,0.000477342,1.91E-06,3.73E-05,0.000730026,0.000730026,0.000477342,2.44E-05,5.95E-10,0.000477342,5.71E-05,1.21E-13,8.73E-05,4.46E-06,0.000730026,2.13E-09,0.000730026,3.73E-05,8.15E-07,3.48E-07,0.000730026,0.000477342,8.73E-05,0.000730026,8.73E-05,0.000204084,0.000730026,0.000730026,0.000730026,0.000477342,0.000204084,0.000312118,8.73E-05,8.73E-05,5.71E-05,0.000133444,0.000133444,1.59E-05,0.000133444,0.000477342,0.000730026,0.000730026,5.71E-05,0.000730026,0.000730026,5.71E-05,8.15E-07,8.73E-05,6.82E-06,4.46E-06,1,0.000204084,0.000204084,8.73E-05,0.000133444,0.000730026,0.000730026,4.46E-06,8.73E-05,5.71E-05,1.04E-05,0.000730026,3.73E-05,0.000204084,3.73E-05,0.000730026,1.04E-05,8.73E-05
0.021848142,0.021848142,0.119523268,0.014285812,0.119523268,0.078152499,0.119523268,0.051101493,0.000204084,0.279557718,5.95E-10,0.119523268,0.119523268,0.006107816,0.006107816,0.119523268,0.078152499,0.021848142,8.15E-07,0.00399371,0.051101493,0.182794026,0.000312118,0.006107816,0.119523268,0.119523268,0.078152499,0.00399371,9.74E-08,0.078152499,0.009341042,4.65E-11,0.014285812,0.000730026,0.119523268,3.48E-07,0.119523268,0.006107816,0.000133444,0.000133444,0.119523268,0.078152499,0.014285812,0.119523268,0.014285812,0.033413664,0.119523268,0.119523268,0.279557718,0.078152499,0.033413664,0.051101493,0.014285812,0.014285812,0.009341042,0.021848142,0.021848142,0.00261136,0.021848142,0.078152499,0.119523268,0.119523268,0.021848142,0.119523268,0.119523268,0.009341042,5.71E-05,0.014285812,0.001116472,0.000730026,0.000204084,1,0.033413664,0.014285812,0.021848142,0.279557718,0.119523268,0.000730026,0.014285812,0.009341042,0.001707487,0.119523268,0.006107816,0.033413664,0.006107816,0.119523268,0.001707487,0.014285812
0.021848142,0.021848142,0.119523268,0.014285812,0.119523268,0.078152499,0.119523268,0.051101493,8.73E-05,0.119523268,2.54E-10,0.119523268,0.119523268,0.006107816,0.006107816,0.119523268,0.078152499,0.021848142,3.48E-07,0.00399371,0.051101493,0.078152499,0.000312118,0.006107816,0.119523268,0.119523268,0.078152499,0.00399371,9.74E-08,0.078152499,0.009341042,1.99E-11,0.014285812,0.000730026,0.119523268,3.48E-07,0.119523268,0.006107816,0.000133444,5.71E-05,0.119523268,0.078152499,0.014285812,0.119523268,0.014285812,0.033413664,0.119523268,0.119523268,0.119523268,0.078152499,0.033413664,0.051101493,0.014285812,0.014285812,0.009341042,0.021848142,0.021848142,0.00261136,0.021848142,0.078152499,0.119523268,0.119523268,0.009341042,0.119523268,0.119523268,0.009341042,5.71E-05,0.014285812,0.001116472,0.000730026,0.000204084,0.033413664,1,0.014285812,0.021848142,0.119523268,0.119523268,0.000730026,0.014285812,0.009341042,0.001707487,0.119523268,0.006107816,0.033413664,0.006107816,0.119523268,0.001707487,0.014285812
0.009341042,0.009341042,0.051101493,0.006107816,0.051101493,0.033413664,0.051101493,0.021848142,3.73E-05,0.051101493,1.09E-10,0.051101493,0.051101493,0.00261136,0.00261136,0.051101493,0.033413664,0.009341042,1.49E-07,0.001707487,0.021848142,0.033413664,0.000133444,0.00261136,0.051101493,0.051101493,0.033413664,0.001707487,4.17E-08,0.033413664,0.00399371,8.50E-12,0.006107816,0.000312118,0.051101493,1.49E-07,0.051101493,0.00261136,5.71E-05,2.44E-05,0.051101493,0.033413664,0.006107816,0.051101493,0.006107816,0.014285812,0.051101493,0.051101493,0.051101493,0.033413664,0.014285812,0.021848142,0.006107816,0.006107816,0.00399371,0.009341042,0.009341042,0.001116472,0.009341042,0.033413664,0.051101493,0.051101493,0.00399371,0.051101493,0.051101493,0.00399371,2.44E-05,0.006107816,0.000477342,0.000312118,8.73E-05,0.014285812,0.014285812,1,0.009341042,0.051101493,0.051101493,0.000312118,0.006107816,0.00399371,0.000730026,0.051101493,0.00261136,0.014285812,0.00261136,0.051101493,0.000730026,0.006107816
0.014285812,0.014285812,0.078152499,0.009341042,0.078152499,0.051101493,0.078152499,0.033413664,5.71E-05,0.078152499,1.66E-10,0.078152499,0.078152499,0.00399371,0.00399371,0.078152499,0.051101493,0.014285812,2.28E-07,0.00261136,0.033413664,0.051101493,0.000204084,0.00399371,0.078152499,0.078152499,0.051101493,0.00261136,6.37E-08,0.051101493,0.006107816,1.30E-11,0.009341042,0.000477342,0.078152499,2.28E-07,0.078152499,0.00399371,8.73E-05,3.73E-05,0.078152499,0.051101493,0.009341042,0.078152499,0.009341042,0.021848142,0.078152499,0.078152499,0.078152499,0.051101493,0.021848142,0.033413664,0.009341042,0.009341042,0.006107816,0.014285812,0.014285812,0.001707487,0.014285812,0.051101493,0.078152499,0.078152499,0.006107816,0.078152499,0.078152499,0.006107816,3.73E-05,0.009341042,0.000730026,0.000477342,0.000133444,0.021848142,0.021848142,0.009341042,1,0.078152499,0.078152499,0.000477342,0.009341042,0.006107816,0.001116472,0.078152499,0.00399371,0.021848142,0.00399371,0.078152499,0.001116472,0.009341042
0.078152499,0.078152499,0.427544206,0.051101493,0.427544206,0.279557718,0.427544206,0.182794026,0.000730026,1,2.13E-09,0.427544206,0.427544206,0.021848142,0.021848142,0.427544206,0.279557718,0.078152499,2.92E-06,0.014285812,0.182794026,0.653868626,0.001116472,0.021848142,0.427544206,0.427544206,0.279557718,0.014285812,3.48E-07,0.279557718,0.033413664,1.66E-10,0.051101493,0.00261136,0.427544206,1.25E-06,0.427544206,0.021848142,0.000477342,0.000477342,0.427544206,0.279557718,0.051101493,0.427544206,0.051101493,0.119523268,0.427544206,0.427544206,1,0.279557718,0.119523268,0.182794026,0.051101493,0.051101493,0.033413664,0.078152499,0.078152499,0.009341042,0.078152499,0.279557718,0.427544206,0.427544206,0.078152499,0.427544206,0.427544206,0.033413664,0.000204084,0.051101493,0.00399371,0.00261136,0.000730026,0.279557718,0.119523268,0.051101493,0.078152499,1,0.427544206,0.00261136,0.051101493,0.033413664,0.006107816,0.427544206,0.021848142,0.119523268,0.021848142,0.427544206,0.006107816,0.051101493
0.078152499,0.078152499,0.427544206,0.051101493,0.427544206,0.279557718,0.427544206,0.182794026,0.000312118,0.427544206,9.10E-10,0.427544206,0.427544206,0.021848142,0.021848142,0.427544206,0.279557718,0.078152499,1.25E-06,0.014285812,0.182794026,0.279557718,0.001116472,0.021848142,0.427544206,0.427544206,0.279557718,0.014285812,3.48E-07,0.279557718,0.033413664,7.11E-11,0.051101493,0.00261136,1,1.25E-06,0.427544206,0.021848142,0.000477342,0.000477342,0.427544206,0.279557718,0.051101493,0.427544206,0.051101493,0.119523268,0.427544206,0.427544206,0.427544206,0.279557718,0.119523268,0.182794026,0.051101493,0.051101493,0.033413664,0.078152499,0.078152499,0.009341042,0.078152499,0.279557718,0.427544206,0.427544206,0.033413664,0.427544206,0.427544206,0.033413664,0.000204084,0.051101493,0.00399371,0.00261136,0.000730026,0.119523268,0.119523268,0.051101493,0.078152499,0.427544206,1,0.00261136,0.051101493,0.033413664,0.006107816,0.427544206,0.021848142,0.119523268,0.021848142,0.427544206,0.006107816,0.051101493
0.000477342,0.000477342,0.00261136,0.000312118,0.00261136,0.001707487,0.00261136,0.001116472,1.91E-06,0.00261136,1.30E-11,0.00261136,0.00261136,0.000133444,0.000133444,0.00261136,0.001707487,0.000477342,7.61E-09,8.73E-05,0.001116472,0.001707487,6.82E-06,0.000133444,0.00261136,0.00261136,0.001707487,8.73E-05,2.13E-09,0.001707487,0.000204084,4.34E-13,0.000312118,1.59E-05,0.00261136,7.61E-09,0.00261136,0.000133444,2.92E-06,1.25E-06,0.00261136,0.001707487,0.000312118,0.00261136,0.000312118,0.000730026,0.00261136,0.00261136,0.00261136,0.001707487,0.000730026,0.001116472,0.000312118,0.000312118,0.000204084,0.000477342,0.000477342,5.71E-05,0.000477342,0.001707487,0.00261136,0.00261136,0.000204084,0.00261136,0.00261136,0.000204084,1.25E-06,0.000312118,2.44E-05,1.59E-05,4.46E-06,0.000730026,0.000730026,0.000312118,0.000477342,0.00261136,0.00261136,1,0.000312118,0.000204084,3.73E-05,0.00261136,0.000133444,0.000730026,0.000133444,0.00261136,3.73E-05,0.000312118
0.009341042,0.009341042,0.051101493,0.006107816,0.051101493,0.033413664,0.051101493,0.021848142,3.73E-05,0.051101493,1.09E-10,0.051101493,0.051101493,0.00261136,0.00261136,0.051101493,0.033413664,0.009341042,1.49E-07,0.001707487,0.021848142,0.033413664,0.000133444,0.00261136,0.051101493,0.051101493,0.033413664,0.001707487,4.17E-08,0.033413664,0.00399371,8.50E-12,0.006107816,0.000312118,0.051101493,1.49E-07,0.051101493,0.00261136,5.71E-05,2.44E-05,0.051101493,0.033413664,0.006107816,0.051101493,0.006107816,0.014285812,0.051101493,0.051101493,0.051101493,0.033413664,0.014285812,0.021848142,0.006107816,0.006107816,0.00399371,0.009341042,0.009341042,0.001116472,0.009341042,0.033413664,0.051101493,0.051101493,0.00399371,0.051101493,0.051101493,0.00399371,2.44E-05,0.006107816,0.000477342,0.000312118,8.73E-05,0.014285812,0.014285812,0.006107816,0.009341042,0.051101493,0.051101493,0.000312118,1,0.00399371,0.000730026,0.051101493,0.00261136,0.014285812,0.00261136,0.051101493,0.000730026,0.006107816
0.006107816,0.006107816,0.033413664,0.00399371,0.033413664,0.021848142,0.033413664,0.014285812,2.44E-05,0.033413664,7.11E-11,0.033413664,0.033413664,0.001707487,0.001707487,0.033413664,0.021848142,0.006107816,9.74E-08,0.001116472,0.014285812,0.021848142,8.73E-05,0.001707487,0.033413664,0.033413664,0.021848142,0.001116472,2.72E-08,0.021848142,0.00261136,5.56E-12,0.00399371,0.000204084,0.033413664,9.74E-08,0.033413664,0.00399371,3.73E-05,1.59E-05,0.033413664,0.021848142,0.00399371,0.033413664,0.00399371,0.009341042,0.033413664,0.033413664,0.033413664,0.021848142,0.009341042,0.014285812,0.00399371,0.00399371,0.00261136,0.006107816,0.006107816,0.000730026,0.006107816,0.021848142,0.033413664,0.033413664,0.00261136,0.033413664,0.033413664,0.00261136,1.59E-05,0.00399371,0.000312118,0.000204084,5.71E-05,0.009341042,0.009341042,0.00399371,0.006107816,0.033413664,0.033413664,0.000204084,0.00399371,1,0.000477342,0.033413664,0.001707487,0.009341042,0.001707487,0.033413664,0.000477342,0.00399371
0.001116472,0.001116472,0.006107816,0.000730026,0.006107816,0.00399371,0.006107816,0.00261136,4.46E-06,0.006107816,1.30E-11,0.006107816,0.006107816,0.000312118,0.000312118,0.006107816,0.00399371,0.001116472,1.78E-08,0.000204084,0.00261136,0.00399371,1.59E-05,0.000312118,0.006107816,0.006107816,0.00399371,0.000204084,4.98E-09,0.00399371,0.000477342,1.02E-12,0.000730026,3.73E-05,0.006107816,1.78E-08,0.006107816,0.000312118,6.82E-06,2.92E-06,0.006107816,0.00399371,0.000730026,0.006107816,0.000730026,0.001707487,0.006107816,0.006107816,0.006107816,0.00399371,0.001707487,0.00261136,0.000730026,0.000730026,0.000477342,0.001116472,0.001116472,0.000133444,0.001116472,0.00399371,0.006107816,0.006107816,0.000477342,0.006107816,0.006107816,0.000477342,2.92E-06,0.001707487,5.71E-05,3.73E-05,1.04E-05,0.001707487,0.001707487,0.000730026,0.001116472,0.006107816,0.006107816,3.73E-05,0.000730026,0.000477342,1,0.006107816,0.000312118,0.001707487,0.000312118,0.006107816,8.73E-05,0.000730026
0.078152499,0.078152499,0.427544206,0.051101493,0.427544206,0.279557718,0.427544206,0.182794026,0.000312118,0.427544206,9.10E-10,0.427544206,0.427544206,0.021848142,0.021848142,0.427544206,0.279557718,0.078152499,1.25E-06,0.014285812,0.182794026,0.279557718,0.001116472,0.021848142,0.427544206,0.427544206,0.279557718,0.014285812,3.48E-07,0.279557718,0.033413664,7.11E-11,0.051101493,0.00261136,0.427544206,1.25E-06,0.427544206,0.021848142,0.000477342,0.000204084,0.427544206,0.279557718,0.051101493,0.427544206,0.051101493,0.119523268,0.427544206,0.427544206,0.427544206,0.279557718,0.119523268,0.182794026,0.051101493,0.051101493,0.033413664,0.078152499,0.078152499,0.009341042,0.078152499,0.279557718,0.427544206,0.427544206,0.033413664,0.427544206,0.427544206,0.033413664,0.000204084,0.051101493,0.00399371,0.00261136,0.000730026,0.119523268,0.119523268,0.051101493,0.078152499,0.427544206,0.427544206,0.00261136,0.051101493,0.033413664,0.006107816,1,0.021848142,0.119523268,0.021848142,0.427544206,0.006107816,0.051101493
0.00399371,0.00399371,0.021848142,0.00261136,0.021848142,0.014285812,0.021848142,0.009341042,1.59E-05,0.021848142,4.65E-11,0.021848142,0.021848142,0.001116472,0.001116472,0.021848142,0.014285812,0.00399371,6.37E-08,0.000730026,0.009341042,0.014285812,5.71E-05,0.001116472,0.021848142,0.021848142,0.014285812,0.000730026,1.78E-08,0.014285812,0.001707487,3.63E-12,0.00261136,0.000133444,0.021848142,6.37E-08,0.021848142,0.001116472,2.44E-05,1.04E-05,0.021848142,0.014285812,0.00261136,0.021848142,0.00261136,0.006107816,0.021848142,0.021848142,0.021848142,0.014285812,0.006107816,0.009341042,0.00261136,0.00261136,0.001707487,0.00399371,0.00399371,0.000477342,0.00399371,0.014285812,0.021848142,0.021848142,0.001707487,0.021848142,0.021848142,0.001707487,1.04E-05,0.00261136,0.000204084,0.000133444,3.73E-05,0.006107816,0.006107816,0.00261136,0.00399371,0.021848142,0.021848142,0.000133444,0.00261136,0.001707487,0.000312118,0.021848142,1,0.006107816,0.001116472,0.021848142,0.000312118,0.00261136
0.021848142,0.021848142,0.119523268,0.014285812,0.119523268,0.078152499,0.119523268,0.051101493,8.73E-05,0.119523268,2.54E-10,0.119523268,0.119523268,0.006107816,0.006107816,0.119523268,0.078152499,0.021848142,3.48E-07,0.00399371,0.051101493,0.078152499,0.000312118,0.006107816,0.119523268,0.119523268,0.078152499,0.00399371,9.74E-08,0.078152499,0.009341042,1.99E-11,0.014285812,0.000730026,0.119523268,3.48E-07,0.119523268,0.006107816,0.000133444,5.71E-05,0.119523268,0.078152499,0.014285812,0.119523268,0.014285812,0.033413664,0.119523268,0.119523268,0.119523268,0.078152499,0.033413664,0.051101493,0.014285812,0.014285812,0.009341042,0.021848142,0.021848142,0.00261136,0.021848142,0.078152499,0.119523268,0.119523268,0.009341042,0.119523268,0.119523268,0.009341042,5.71E-05,0.014285812,0.001116472,0.000730026,0.000204084,0.033413664,0.033413664,0.014285812,0.021848142,0.119523268,0.119523268,0.000730026,0.014285812,0.009341042,0.001707487,0.119523268,0.006107816,1,0.006107816,0.119523268,0.001707487,0.014285812
0.00399371,0.00399371,0.021848142,0.00261136,0.021848142,0.014285812,0.021848142,0.009341042,1.59E-05,0.021848142,4.65E-11,0.021848142,0.021848142,0.001116472,0.00261136,0.021848142,0.014285812,0.00399371,6.37E-08,0.000730026,0.009341042,0.014285812,5.71E-05,0.001116472,0.021848142,0.021848142,0.014285812,0.000730026,1.78E-08,0.014285812,0.001707487,3.63E-12,0.00261136,0.000133444,0.021848142,6.37E-08,0.021848142,0.001116472,2.44E-05,1.04E-05,0.021848142,0.014285812,0.00261136,0.021848142,0.00261136,0.006107816,0.021848142,0.021848142,0.021848142,0.014285812,0.006107816,0.009341042,0.00261136,0.00261136,0.001707487,0.00399371,0.00399371,0.000477342,0.00399371,0.014285812,0.021848142,0.021848142,0.001707487,0.021848142,0.021848142,0.001707487,1.04E-05,0.00261136,0.000204084,0.000133444,3.73E-05,0.006107816,0.006107816,0.00261136,0.00399371,0.021848142,0.021848142,0.000133444,0.00261136,0.001707487,0.000312118,0.021848142,0.001116472,0.006107816,1,0.021848142,0.000312118,0.00261136
0.078152499,0.078152499,0.427544206,0.051101493,0.427544206,0.279557718,0.427544206,0.182794026,0.000312118,0.427544206,9.10E-10,0.427544206,0.427544206,0.021848142,0.021848142,0.427544206,0.279557718,0.078152499,1.25E-06,0.014285812,0.182794026,0.279557718,0.001116472,0.021848142,0.427544206,0.427544206,0.279557718,0.014285812,3.48E-07,0.279557718,0.033413664,7.11E-11,0.051101493,0.00261136,0.427544206,1.25E-06,0.427544206,0.021848142,0.000477342,0.000204084,0.427544206,0.279557718,0.051101493,0.427544206,0.051101493,0.119523268,0.427544206,0.427544206,0.427544206,0.279557718,0.119523268,0.182794026,0.051101493,0.051101493,0.033413664,0.078152499,0.078152499,0.009341042,0.078152499,0.279557718,0.427544206,0.427544206,0.033413664,0.427544206,0.427544206,0.033413664,0.000204084,0.051101493,0.00399371,0.00261136,0.000730026,0.119523268,0.119523268,0.051101493,0.078152499,0.427544206,0.427544206,0.00261136,0.051101493,0.033413664,0.006107816,0.427544206,0.021848142,0.119523268,0.021848142,1,0.006107816,0.051101493
0.001116472,0.001116472,0.006107816,0.000730026,0.006107816,0.00399371,0.006107816,0.00261136,4.46E-06,0.006107816,1.30E-11,0.006107816,0.006107816,0.000312118,0.000312118,0.006107816,0.00399371,0.001116472,1.78E-08,0.000204084,0.00261136,0.00399371,1.59E-05,0.000312118,0.006107816,0.006107816,0.00399371,0.000204084,4.98E-09,0.00399371,0.000477342,1.02E-12,0.000730026,3.73E-05,0.006107816,1.78E-08,0.006107816,0.000312118,6.82E-06,2.92E-06,0.006107816,0.00399371,0.000730026,0.006107816,0.000730026,0.001707487,0.006107816,0.006107816,0.006107816,0.00399371,0.001707487,0.00261136,0.000730026,0.000730026,0.000477342,0.001116472,0.001116472,0.000133444,0.001116472,0.00399371,0.006107816,0.006107816,0.000477342,0.006107816,0.006107816,0.000477342,2.92E-06,0.000730026,5.71E-05,3.73E-05,1.04E-05,0.001707487,0.001707487,0.000730026,0.001116472,0.006107816,0.006107816,3.73E-05,0.000730026,0.000477342,8.73E-05,0.006107816,0.000312118,0.001707487,0.000312118,0.006107816,1,0.000730026
0.009341042,0.009341042,0.051101493,0.006107816,0.051101493,0.033413664,0.051101493,0.021848142,3.73E-05,0.051101493,1.09E-10,0.051101493,0.051101493,0.00261136,0.00261136,0.051101493,0.033413664,0.009341042,1.49E-07,0.021848142,0.021848142,0.033413664,0.000133444,0.00261136,0.051101493,0.051101493,0.033413664,0.001707487,4.17E-08,0.033413664,0.00399371,8.50E-12,0.006107816,0.000312118,0.051101493,1.49E-07,0.051101493,0.00261136,5.71E-05,2.44E-05,0.051101493,0.033413664,0.006107816,0.051101493,0.006107816,0.014285812,0.051101493,0.051101493,0.051101493,0.033413664,0.014285812,0.021848142,0.006107816,0.006107816,0.00399371,0.009341042,0.009341042,0.001116472,0.009341042,0.033413664,0.051101493,0.051101493,0.00399371,0.051101493,0.051101493,0.00399371,2.44E-05,0.006107816,0.000477342,0.000312118,8.73E-05,0.014285812,0.014285812,0.006107816,0.009341042,0.051101493,0.051101493,0.000312118,0.006107816,0.00399371,0.000730026,0.051101493,0.00261136,0.014285812,0.00261136,0.051101493,0.000730026,1
